"パケット","シーケンス","間隔 (ms)","ジッタ (ms)","Skew","帯域","マーカー","状態"
"127.0.0.1:6000 → 127.0.0.1:6000 (0xca110000)"
5,0,0,0,0,1.6,"","OK"
8,1,14.863,0.32106250000000025,5.1370000000000005,3.2,"","OK"
10,2,31.002999999999997,0.9886835937499998,-5.866,4.8,"","OK"
12,3,15.247000000000007,1.2239533691406248,-1.1129999999999995,6.4,"","OK"
14,4,16.075999999999993,1.3927062835693362,2.811000000000007,8,"","OK"
15,5,14.689000000000007,1.6375996408462523,8.122,9.6,"","OK"
18,6,31.471000000000004,2.2521871632933617,-3.3490000000000038,11.2,"","OK"
19,7,15.320999999999998,2.4038629655875265,1.329999999999984,12.8,"","OK"
21,8,15.018,2.564996530238306,6.311999999999983,14.4,"","OK"
23,9,31.861999999999995,3.1460592470984117,-5.550000000000011,16,"","OK"
25,10,15.740000000000009,3.2156805441547602,-1.2900000000000205,17.6,"","OK"
27,11,15.507999999999981,3.295450510145089,3.201999999999998,19.2,"","OK"
29,12,15.919000000000011,3.3445473532610204,7.282999999999987,20.8,"","OK"
31,13,31.92799999999997,3.8810131436822064,-4.644999999999982,22.4,"","OK"
33,14,15.414000000000044,3.925074822202066,-0.05900000000002592,24,"","OK"
35,15,15.902999999999963,3.9358201458144393,4.038000000000011,25.6,"","OK"
37,16,15.064000000000021,3.9983313867010355,8.97399999999999,27.2,"","OK"
39,17,31.23399999999998,4.45056067503222,-2.259999999999991,28.8,"","OK"
41,18,15.736000000000047,4.438900632842703,2.0039999999999623,30.4,"","OK"
43,19,15.07899999999995,4.469031843290037,6.925000000000011,32,"","OK"
45,20,31.640000000000043,4.917217353084412,-4.715000000000032,33.6,"","OK"
47,21,15.233000000000004,4.907828768516636,0.051999999999964075,35.2,"","OK"
49,22,15.448999999999955,4.885526970484349,4.603000000000009,36.8,"","OK"
52,23,30.971000000000004,5.265869034829078,-6.367999999999995,38.4,"","OK"
53,24,15.802999999999997,5.19906472015226,-2.1709999999999923,40,"","OK"
55,25,15.163000000000068,5.176435675142736,2.66599999999994,41.6,"","OK"
57,26,15.920999999999935,5.107845945446319,6.7450000000000045,43.2,"","OK"
60,27,30.534999999999968,5.447043073855922,-3.7899999999999636,44.8,"","OK"
62,28,15.369000000000028,5.396040381739925,0.8410000000000082,46.4,"","OK"
63,29,15.562999999999988,5.336100357881181,5.27800000000002,48,"","OK"
66,30,29.979000000000042,5.62628158551361,-4.701000000000022,49.6,"","OK"
67,31,15.178999999999974,5.575951486419011,0.12000000000000455,51.2,"","OK"
69,32,15.365999999999985,5.517079518517823,4.754000000000019,52.8,"","OK"
71,33,16.022000000000048,5.420887048610457,8.731999999999971,54.4,"","OK"
73,34,30.71799999999996,5.751956608072301,-1.98599999999999,56,"","OK"
75,35,14.893000000000029,5.71164682006778,3.120999999999981,57.6,"","OK"
77,36,16.020999999999958,5.603356393813546,7.100000000000023,59.2,"","OK"
79,37,31.684000000000083,5.983396619200205,-4.58400000000006,60.8,"","OK"
81,38,16.004999999999995,5.859121830500192,-0.5890000000000555,62.4,"","OK"
83,39,15.899000000000001,5.7492392160939305,3.5119999999999436,64,"","OK"
85,40,15.995999999999981,5.640161765088061,7.515999999999963,65.6,"","OK"
88,41,31.024,5.976651654770057,-3.508000000000038,67.2,"","OK"
89,42,15.613999999999919,5.877235926346934,0.8780000000000427,68.8,"","OK"
91,43,15.328000000000088,5.801908680950245,5.5499999999999545,70.4,"","OK"
94,44,31.485000000000014,6.157101888390855,-5.935000000000059,72,"","OK"
95,45,15.894999999999982,6.028845520366428,-1.830000000000041,73.6,"","OK"
97,46,15.432000000000016,5.937542675343525,2.7379999999999427,75.2,"","OK"
99,47,15.764999999999986,5.8311337581345555,6.972999999999956,76.8,"","OK"
101,48,30.824999999999932,6.1432503982511415,-3.8519999999999754,78.4,"","OK"
103,49,15.389999999999986,6.047422248360446,0.7580000000000382,80,"","OK"
105,50,15.628000000000043,5.942708357837915,5.1299999999999955,81.6,"","OK"
108,51,30.301999999999907,6.21516408547304,-5.171999999999798,80,"","OK"
109,52,15.966000000000122,6.078841330130968,-1.13799999999992,81.6,"","OK"
111,53,15.061999999999898,6.007538746997788,3.800000000000182,81.6,"","OK"
113,54,16.057999999999993,5.878442575310427,7.742000000000189,81.6,"","OK"
115,55,31.451999999999998,6.226789914353525,-3.709999999999809,80,"","OK"
118,56,15.456000000000131,6.121615544706421,0.83400000000006,81.6,"","OK"
119,57,15.087999999999965,6.046014573162272,5.746000000000095,81.6,"","OK"
121,58,31.1099999999999,6.362513662339624,-5.363999999999805,80,"","OK"
123,59,15.827999999999975,6.225606558443399,-1.19199999999978,81.6,"","OK"
125,60,15.350000000000136,6.127131148540678,3.4580000000000837,81.6,"","OK"
127,61,15.007000000000062,6.056247951756881,8.451000000000022,81.6,"","OK"
129,62,30.625999999999976,6.341857454772074,-2.1749999999999545,80,"","OK"
131,63,15.365000000000009,6.2351788638488195,2.4600000000000364,81.6,"","OK"
133,64,15.461999999999989,6.129105184858269,6.998000000000047,81.6,"","OK"
136,65,32.24199999999996,6.511161110804625,-5.2439999999999145,80,"","OK"
137,66,15.860999999999876,6.362901041379343,-1.1049999999997908,80,"","OK"
139,67,15.997000000000071,6.21540722629313,2.8980000000001382,81.6,"","OK"
141,68,16.008000000000038,6.076444274649807,6.8900000000001,81.6,"","OK"
143,69,31.141000000000076,6.3929790074841994,-4.250999999999976,80,"","OK"
145,70,15.205999999999904,6.293042819516443,0.54300000000012,81.6,"","OK"
147,71,15.218000000000075,6.1986026432966606,5.3250000000000455,81.6,"","OK"
150,72,31.135999999999967,6.507189978090617,-5.810999999999922,80,"","OK"
151,73,15.310999999999922,6.393553104459958,-1.1219999999998436,81.6,"","OK"
153,74,15.356999999999971,6.2841435354312125,3.5210000000001855,81.6,"","OK"
155,75,15.740000000000009,6.157634564466761,7.781000000000176,81.6,"","OK"
157,76,30.104000000000042,6.404282404187591,-2.3229999999998654,80,"","OK"
159,77,15.679000000000087,6.274077253925861,1.9980000000000473,81.6,"","OK"
161,78,15.67599999999993,6.1521974255554985,6.322000000000116,81.6,"","OK"
163,79,31.317999999999984,6.475060086458279,-4.995999999999867,80,"","OK"
165,80,16.09900000000016,6.314181331054626,-1.0950000000000273,81.6,"","OK"
167,81,15.396999999999935,6.207232497863716,3.508000000000038,81.6,"","OK"
169,82,15.64799999999991,6.091280466747239,7.860000000000127,81.6,"","OK"
172,83,31.077999999999975,6.4029504375755355,-3.217999999999847,80,"","OK"
173,84,14.942000000000007,6.318891035227064,1.8400000000001455,81.6,"","OK"
175,85,14.937000000000126,6.240397845525364,6.90300000000002,81.6,"","OK"
177,86,31.283999999999878,6.555622980180021,-4.380999999999858,80,"","OK"
179,87,15.747000000000071,6.411709043918766,-0.12799999999992906,81.6,"","OK"
181,88,15.308999999999969,6.304164728673845,4.563000000000102,81.6,"","OK"
183,89,15.488000000000056,6.192154433131726,9.075000000000045,81.6,"","OK"
186,90,30.786000000000058,6.479269781060998,-1.7110000000000127,80,"","OK"
187,91,15.623000000000047,6.347877919744683,2.66599999999994,81.6,"","OK"
189,92,15.730999999999767,6.217948049760654,6.935000000000173,81.6,"","OK"
191,93,32.08899999999994,6.58488879665061,-5.153999999999769,80,"","OK"
193,94,15.562000000000126,6.450708246859939,-0.7159999999998945,81.6,"","OK"
195,95,15.519999999999982,6.327538981431195,3.7640000000001237,81.6,"","OK"
197,96,15.236000000000104,6.229817795091739,8.52800000000002,81.6,"","OK"
199,97,31.753999999999905,6.5750791828985,-3.2259999999998854,80,"","OK"
201,98,15.927999999999884,6.41863673396735,0.846000000000231,81.6,"","OK"
203,99,15,6.329971938094391,5.846000000000231,81.6,"","OK"
206,100,30.85900000000015,6.613036191963501,-5.01299999999992,80,"","OK"
207,101,14.839999999999918,6.5222214299657875,0.1470000000001619,81.6,"","OK"
209,102,15.258000000000266,6.4109575905929095,4.888999999999896,81.6,"","OK"
211,103,31.277999999999793,6.715147741180839,-6.389000000000124,80,"","OK"
213,104,15.742999999999938,6.5615135073570405,-2.132000000000062,80,"","OK"
215,105,14.771000000000186,6.478231413147214,3.0969999999997526,81.6,"","OK"
217,106,15.007000000000062,6.38540444982551,8.08999999999969,81.6,"","OK"
220,107,30.31999999999971,6.631316671711397,-2.230000000000018,80,"","OK"
221,108,15.851000000000113,6.476171879729427,1.918999999999869,81.6,"","OK"
223,109,14.978000000000065,6.385286137246334,6.9409999999998035,81.6,"","OK"
225,110,31.73799999999983,6.719830753668427,-4.7970000000000255,80,"","OK"
227,111,15.226000000000113,6.598216331564143,-0.023000000000138243,80,"","OK"
229,112,15.159999999999854,6.488327810841393,4.817000000000007,81.6,"","OK"
232,113,31.639000000000124,6.8102448226638135,-6.822000000000116,80,"","OK"
233,114,15.271999999999935,6.680104521247329,-2.094000000000051,80,"","OK"
235,115,15.246000000000095,6.559722988669365,2.6599999999998545,81.6,"","OK"
237,116,15.202999999999975,6.449552801877531,7.45699999999988,81.6,"","OK"
239,117,31.139999999999873,6.742705751760178,-3.6829999999999927,80,"","OK"
241,118,15.452999999999975,6.605474142275168,0.8640000000000327,80,"","OK"
243,119,15.599999999999909,6.467632008382975,5.264000000000124,81.6,"","OK"
246,120,30.687000000000353,6.731342507859061,-5.423000000000229,80,"","OK"
247,121,15.567999999999756,6.587633601117885,-0.9909999999999854,80,"","OK"
250,122,16.166000000000167,6.415531501048006,2.842999999999847,81.6,"","OK"
251,123,16.01000000000022,6.263935782232492,6.832999999999629,81.6,"","OK"
255,124,30.199999999999818,6.50993979584295,-3.367000000000189,80,"","OK"
259,125,15.786000000000058,6.366443558602762,0.8469999999997526,80,"","OK"
261,126,15.635999999999967,6.241290836190091,5.210999999999785,81.6,"","OK"
263,127,30.702999999999975,6.520147658928209,-5.492000000000189,80,"","OK"
265,128,15.951000000000022,6.365700930245194,-1.443000000000211,80,"","OK"
267,129,15.368999999999687,6.257282122104889,3.188000000000102,81.6,"","OK"
269,130,15.929000000000087,6.120639489473328,7.2590000000000146,81.6,"","OK"
271,131,31.807000000000244,6.47603702138126,-4.548000000000229,80,"","OK"
273,132,15.306999999999789,6.364597207544945,0.1449999999999818,80,"","OK"
275,133,15.545000000000073,6.245247382073381,4.599999999999909,81.6,"","OK"
278,134,30.66899999999987,6.521731920693786,-6.06899999999996,80,"","OK"
279,135,15.367999999999938,6.403623675650429,-1.4369999999998981,80,"","OK"
281,136,15.965000000000146,6.255584695922268,2.5979999999999563,81.6,"","OK"
283,137,15.315999999999804,6.157360652427139,7.282000000000153,81.6,"","OK"
285,138,30.978000000000065,6.458650611650446,-3.6959999999999127,80,"","OK"
287,139,15.431000000000495,6.340547448422263,0.8729999999995925,80,"","OK"
289,140,15.51299999999992,6.224700732895877,5.359999999999673,81.6,"","OK"
291,141,31.272999999999683,6.540219437089864,-5.913000000000011,80,"","OK"
293,142,16.228000000000065,6.367205722271744,-2.1410000000000764,80,"","OK"
295,143,16.003999999999905,6.219005364629766,1.8550000000000182,81.6,"","OK"
297,144,15.62900000000036,6.103505029340383,6.225999999999658,81.6,"","OK"
299,145,31.42199999999957,6.435910965006582,-5.195999999999913,80,"","OK"
302,146,15.770000000000437,6.298041529693643,-0.9660000000003492,80,"","OK"
303,147,15.957999999999629,6.157038934087813,3.076000000000022,81.6,"","OK"
305,148,14.878000000000156,6.0923490007073156,8.197999999999865,81.6,"","OK"
307,149,30.260999999999967,6.352889688163106,-2.063000000000102,80,"","OK"
309,150,15.677000000000135,6.226021582652904,2.2599999999997635,81.6,"","OK"
311,151,15.02599999999984,6.147770233737107,7.233999999999924,81.6,"","OK"
314,152,30.13700000000017,6.397097094128549,-2.9030000000002474,80,"","OK"
315,153,15.57400000000007,6.27390352574551,1.5229999999996835,81.6,"","OK"
317,154,15.804999999999836,6.143972055386426,5.717999999999847,81.6,"","OK"
319,155,31.94399999999996,6.506473801924772,-6.226000000000113,80,"","OK"
321,156,15.561999999999898,6.37719418930448,-1.788000000000011,80,"","OK"
323,157,15.94399999999996,6.232119552472953,2.268000000000029,81.6,"","OK"
325,158,15.045000000000073,6.152299580443389,7.222999999999956,81.6,"","OK"
328,159,31.075000000000273,6.459968356665694,-3.8520000000003165,80,"","OK"
329,160,15.717999999999847,6.323845334374098,0.4299999999998363,81.6,"","OK"
331,161,15.980999999999767,6.179792500975731,4.449000000000069,81.6,"","OK"
333,162,15.952999999999975,6.046492969664749,8.496000000000095,81.6,"","OK"
336,163,31.05600000000004,6.3595871590607045,-2.5599999999999454,81.6,"","OK"
337,164,15.784000000000106,6.225612961619404,1.655999999999949,81.6,"","OK"
339,165,15.086999999999989,6.1435746515181915,6.56899999999996,81.6,"","OK"
341,166,31.78800000000001,6.496351235798305,-5.219000000000051,80,"","OK"
343,167,15.930000000000291,6.344704283560893,-1.149000000000342,81.6,"","OK"
345,168,14.990999999999985,6.261222765838339,3.8599999999996726,81.6,"","OK"
347,169,29.855999999999767,6.485896342973428,-5.996000000000095,80,"","OK"
349,170,15.021999999999935,6.391652821537592,-1.018000000000029,81.6,"","OK"
351,171,14.918999999999869,6.309737020191501,4.063000000000102,81.6,"","OK"
353,172,15.994000000000142,6.165753456429523,8.06899999999996,81.6,"","OK"
355,173,31.945999999999913,6.527018865402672,-3.8769999999999527,80,"","OK"
357,174,16.039000000000215,6.366642686314992,0.08399999999983265,81.6,"","OK"
360,175,16.001999999999953,6.218602518420308,4.08199999999988,81.6,"","OK"
361,176,15.414000000000215,6.116564861019025,8.667999999999665,81.6,"","OK"
363,177,32.009000000000015,6.484842057205337,-3.3410000000003492,81.6,"","OK"
365,178,14.917999999999665,6.397164428630024,1.7409999999999854,81.6,"","OK"
367,179,14.99499999999989,6.3101541518406545,6.746000000000095,81.6,"","OK"
369,180,31.865000000000236,6.657332017350629,-5.119000000000142,80,"","OK"
371,181,16.040999999999713,6.488686266266233,-1.1599999999998545,81.6,"","OK"
374,182,15.952000000000226,6.336143374624579,2.88799999999992,81.6,"","OK"
375,183,15.963000000000193,6.192446913710531,6.924999999999727,81.6,"","OK"
377,184,31.894999999999982,6.548856481603622,-4.970000000000255,81.6,"","OK"
379,185,14.934999999999945,6.456115451503399,0.09499999999979991,81.6,"","OK"
381,186,15.93899999999985,6.306420735784446,4.155999999999949,81.6,"","OK"
383,187,16.009000000000015,6.161706939797917,8.146999999999935,81.6,"","OK"
386,188,32.064000000000306,6.530600256060566,-3.917000000000371,80,"","OK"
388,189,15.835000000000036,6.382750240056779,0.24799999999959255,80,"","OK"
389,190,14.961999999999534,6.298703350053259,5.286000000000058,80,"","OK"
391,191,29.853000000000065,6.520846890674934,-4.567000000000007,81.6,"","OK"
393,192,14.940000000000055,6.429543960007748,0.49299999999993815,81.6,"","OK"
395,193,16.001000000000204,6.277634962507251,4.491999999999734,81.6,"","OK"
397,194,15.927999999999884,6.139782777350555,8.56399999999985,81.6,"","OK"
399,195,30.134999999999764,6.38948385376613,-1.5709999999999127,81.6,"","OK"
401,196,16.225000000000364,6.226078612905724,2.2039999999997235,81.6,"","OK"
403,197,15.496000000000095,6.11844869959911,6.707999999999629,81.6,"","OK"
405,198,31.59599999999955,6.460795655874137,-4.88799999999992,80,"","OK"
407,199,16.12900000000036,6.298933427381981,-1.0170000000002801,81.6,"","OK"
409,200,15.491999999999734,6.187000088170624,3.4909999999999854,81.6,"","OK"
411,201,15.315000000000055,6.093125082659957,8.17599999999993,81.6,"","OK"
413,202,31.02500000000009,6.4013672649937154,-2.84900000000016,81.6,"","OK"
415,203,15.903999999999996,6.257281810931609,1.2469999999998436,80,"","OK"
417,204,15.295000000000073,6.160264197748379,5.951999999999771,81.6,"","OK"
419,205,31.351000000000113,6.484685185389141,-5.399000000000342,81.6,"","OK"
421,206,15.581000000000131,6.355579861302312,-0.9800000000004729,81.6,"","OK"
423,207,15.818999999999505,6.219668619970948,3.201000000000022,81.6,"","OK"
425,208,16.1850000000004,6.069376831222739,7.015999999999622,80,"","OK"
427,209,30.195999999999913,6.327290779271312,-3.180000000000291,81.6,"","OK"
429,210,15.534999999999854,6.210897605566864,1.2849999999998545,81.6,"","OK"
431,211,15.181999999999789,6.123841505218948,6.1030000000000655,81.6,"","OK"
433,212,31.095000000000255,6.43453891114278,-4.992000000000189,80,"","OK"
435,213,14.958999999999833,6.347442729196366,0.04899999999997817,81.6,"","OK"
437,214,15.402000000000044,6.238102558621591,4.6469999999999345,81.6,"","OK"
440,215,30.60400000000027,6.510971148707759,-5.957000000000335,80,"","OK"
441,216,15.864999999999782,6.362472951913538,-1.8220000000001164,81.6,"","OK"
443,217,15.975000000000364,6.216380892418919,2.20299999999952,81.6,"","OK"
445,218,14.922999999999774,6.1451695866427505,7.279999999999745,81.6,"","OK"
448,219,31.96100000000024,6.5086589874775935,-4.681000000000495,81.6,"","OK"
449,220,14.85399999999936,6.423492800760284,0.4650000000001455,81.6,"","OK"
451,221,16.007000000000517,6.271587000712734,4.457999999999629,81.6,"","OK"
454,222,29.951999999999316,6.501612813168146,-5.493999999999687,80,"","OK"
455,223,15.181000000000495,6.3964495123451055,-0.6750000000001819,81.6,"","OK"
457,224,16.10199999999986,6.240296417823545,3.2229999999999563,81.6,"","OK"
459,225,15.097999999999956,6.156652891709577,8.125,81.6,"","OK"
462,226,31.194000000000415,6.4714870859777545,-3.0690000000004147,80,"","OK"
463,227,14.799999999999272,6.39201914310419,2.131000000000313,81.6,"","OK"
465,228,15.917000000000371,6.247705446660155,6.213999999999942,81.6,"","OK"
467,229,31.35400000000027,6.5668488562439125,-5.140000000000327,80,"","OK"
469,230,15.90899999999965,6.41210830272869,-1.0489999999999782,81.6,"","OK"
471,231,15.832000000000335,6.271851533808126,3.118999999999687,81.6,"","OK"
473,232,15.23700000000008,6.177548312945113,7.881999999999607,81.6,"","OK"
476,233,30.894999999999527,6.4723890433860145,-3.01299999999992,80,"","OK"
478,234,15.092999999999847,6.374552228174398,1.8940000000002328,81.6,"","OK"
479,235,15.07300000000032,6.284080213913478,6.820999999999913,81.6,"","OK"
482,236,30.75,6.563200200543886,-3.9290000000000873,80,"","OK"
483,237,15.125,6.457687688009893,0.9459999999999127,80,"","OK"
485,238,15.75799999999981,6.319207207509286,5.188000000000102,81.6,"","OK"
488,239,30.934000000000196,6.607631757039968,-5.746000000000095,80,"","OK"
489,240,15.023000000000138,6.505717272224961,-0.7690000000002328,80,"","OK"
491,241,15.266999999999825,6.394922442710913,3.963999999999942,81.6,"","OK"
493,242,16.085000000000036,6.239927290041479,7.878999999999905,81.6,"","OK"
495,243,31.167999999999665,6.547931834413865,-3.28899999999976,80,"","OK"
497,244,14.807000000000698,6.463248594762955,1.9039999999995416,80,"","OK"
499,245,15.130999999999403,6.363608057590308,6.773000000000138,81.6,"","OK"
501,246,31.163000000000466,6.663570053990942,-4.390000000000327,80,"","OK"
503,247,15.564000000000306,6.52434692561649,0.04599999999936699,80,"","OK"
505,248,15.131999999999607,6.420825242765484,4.91399999999976,81.6,"","OK"
508,249,30.929000000000087,6.702586165092646,-6.015000000000327,80,"","OK"
509,250,14.95299999999952,6.599112029774386,-0.9679999999998472,80,"","OK"
511,251,16.016999999999825,6.435605027913498,3.0150000000003274,80,"","OK"
513,252,14.952000000000226,6.34887971366889,8.063000000000102,81.6,"","OK"
516,253,30.916000000000167,6.634324731564595,-2.8530000000000655,80,"","OK"
517,254,14.935999999999694,6.536179435841827,2.21100000000024,80,"","OK"
519,255,15.56500000000051,6.404855721101681,6.645999999999731,81.6,"","OK"
521,256,30.985999999999876,6.691177238532818,-4.3400000000001455,80,"","OK"
523,257,15.497999999999593,6.5543536611245425,0.16200000000026193,80,"","OK"
525,258,15.73700000000008,6.411144057304254,4.425000000000182,80,"","OK"
527,259,15.307999999999993,6.303697553722738,9.11700000000019,81.6,"","OK"
530,260,30.837000000000444,6.587028956615095,-1.7200000000002547,80,"","OK"
531,261,15.037999999999556,6.485464646826679,3.242000000000189,80,"","OK"
533,262,15.498000000000502,6.36149810639998,7.743999999999687,81.6,"","OK"
535,263,31.333999999999833,6.6722794747499705,-3.5900000000001455,80,"","OK"
537,264,15.462999999999738,6.538824507578114,0.9470000000001164,80,"","OK"
539,265,15.413000000000466,6.416835475854453,5.533999999999651,81.6,"","OK"
541,266,30.735999999999876,6.686783258613541,-5.2020000000002256,80,"","OK"
544,267,15.759000000000015,6.533921804950194,-0.9610000000002401,80,"","OK"
545,268,15.552999999999884,6.403489192140814,3.4859999999998763,80,"","OK"
547,269,15.85400000000027,6.262396117631996,7.631999999999607,81.6,"","OK"
549,270,31.372999999999593,6.581808860279971,-3.7409999999999854,80,"","OK"
551,271,15.868999999999687,6.428633306512492,0.3900000000003274,80,"","OK"
553,272,15.686000000000604,6.296468724855424,4.7039999999997235,81.6,"","OK"
556,273,30.917999999999665,6.585314429551938,-6.213999999999942,80,"","OK"
557,274,15.664999999999964,6.444669777704944,-1.8789999999999054,80,"","OK"
559,275,16.07800000000043,6.287002916598358,2.0429999999996653,80,"","OK"
561,276,15.17699999999968,6.195502734310981,6.8659999999999854,81.6,"","OK"
563,277,30.658000000000357,6.474408813416567,-3.792000000000371,80,"","OK"
565,278,15.425999999999476,6.355633262578064,0.7820000000001528,80,"","OK"
567,279,15.704999999999927,6.22684368366694,5.0770000000002256,81.6,"","OK"
570,280,29.921000000000276,6.457728453437773,-4.844000000000051,80,"","OK"
571,281,16.014000000000124,6.303245425097905,-0.8580000000001746,80,"","OK"
573,282,15.033000000000357,6.219730086029264,4.108999999999469,80,"","OK"
575,283,16.18499999999949,6.069434455652467,7.923999999999978,81.6,"","OK"
577,284,31.26299999999992,6.394032302174183,-3.338999999999942,80,"","OK"
579,285,16.220000000000255,6.23065528328828,0.44099999999980355,80,"","OK"
581,286,15.43499999999949,6.126551828082794,5.006000000000313,81.6,"","OK"
583,287,29.725000000000364,6.351454838827642,-4.719000000000051,80,"","OK"
585,288,15.050000000000182,6.263863911400904,0.23099999999976717,80,"","OK"
587,289,15.483000000000175,6.154684916938336,4.7479999999995925,81.6,"","OK"
589,290,30.5649999999996,6.430329609629665,-5.817000000000007,80,"","OK"
591,291,15.904999999999745,6.284371509027827,-1.7219999999997526,80,"","OK"
593,292,15.175000000000182,6.193160789713577,3.1030000000000655,80,"","OK"
595,293,15.395000000000437,6.093900740356451,7.707999999999629,81.6,"","OK"
597,294,30.978000000000065,6.399156944084178,-3.2700000000004366,80,"","OK"
599,295,15.826999999999316,6.260022135078959,0.9030000000002474,80,"","OK"
601,296,15.40100000000075,6.156208251636477,5.501999999999498,81.6,"","OK"
603,297,31.070999999999913,6.463382735909192,-5.569000000000415,80,"","OK"
605,298,15.556999999999789,6.337108814914881,-1.1260000000002037,80,"","OK"
608,299,14.963999999999942,6.255789513982704,3.9099999999998545,81.6,"","OK"
609,300,16.238999999999578,6.099865169358812,7.6710000000002765,81.6,"","OK"
611,301,29.77600000000075,6.329623596273933,-2.105000000000473,80,"","OK"
613,302,15.826999999999316,6.194834621506855,2.068000000000211,80,"","OK"
615,303,15.378000000000611,6.096532457662638,6.6899999999996,81.6,"","OK"
617,304,30.61999999999989,6.379249179058717,-3.930000000000291,80,"","OK"
619,305,15.751999999999498,6.246046105367578,0.318000000000211,80,"","OK"
621,306,15.952000000000226,6.10866822378209,4.3659999999999854,81.6,"","OK"
623,307,15.358000000000175,6.017001459795699,9.00799999999981,81.6,"","OK"
625,308,30.88299999999981,6.321126368558456,-1.875,80,"","OK"
627,309,15.753999999999905,6.191430970523559,2.3710000000000946,80,"","OK"
629,310,14.983000000000175,6.118029034865826,7.38799999999992,81.6,"","OK"
631,311,30.960000000000036,6.420652220186714,-3.5720000000001164,80,"","OK"
633,312,15.916000000000167,6.274611456425034,0.5119999999997162,80,"","OK"
635,313,14.957999999999629,6.1975732403984924,5.554000000000087,81.6,"","OK"
637,314,31.86999999999989,6.5520999128735795,-6.3159999999998035,80,"","OK"
639,315,15.969000000000051,6.394531168318977,-2.2849999999998545,80,"","OK"
641,316,15.860000000000582,6.253622970299005,1.8549999999995634,81.6,"","OK"
643,317,15.00500000000011,6.17495903465531,6.849999999999454,81.6,"","OK"
645,318,31.134000000000015,6.484899094989354,-4.28400000000056,80,"","OK"
647,319,15.677999999999884,6.349717901552526,0.03799999999955617,80,"","OK"
649,320,14.781999999999243,6.278985532705541,5.256000000000313,81.6,"","OK"
651,321,30.855000000000473,6.564986436911473,-5.59900000000016,80,"","OK"
653,322,15.194000000000415,6.455049784604481,-0.7930000000005748,80,"","OK"
655,323,15.469999999999345,6.3347341730667415,3.73700000000008,81.6,"","OK"
657,324,15.855999999999767,6.197813287250085,7.881000000000313,81.6,"","OK"
659,325,31.832000000000335,6.549949956796976,-3.951000000000022,80,"","OK"
661,326,15.958999999999833,6.393140584497175,0.09000000000014552,80,"","OK"
663,327,14.944000000000415,6.309569297966076,5.145999999999731,81.6,"","OK"
665,328,30.465000000000146,6.569283716843205,-5.319000000000415,80,"","OK"
667,329,15.72400000000016,6.425953484540495,-1.0430000000005748,80,"","OK"
669,330,14.930999999999585,6.341143891756739,4.02599999999984,81.6,"","OK"
671,331,16.192000000000007,6.182822398521942,7.833999999999833,81.6,"","OK"
673,332,31.082000000000335,6.4890209986143415,-3.248000000000502,80,"","OK"
675,333,15.912999999999556,6.338894686200973,0.8389999999999418,80,"","OK"
677,334,16.03899999999976,6.190276268313427,4.800000000000182,81.6,"","OK"
680,335,30.661000000000058,6.469696501543842,-5.860999999999876,80,"","OK"
681,336,15.180000000000291,6.366590470197334,-1.0410000000001673,80,"","OK"
683,337,15.351999999999862,6.259178565810009,3.606999999999971,81.6,"","OK"
685,338,15.295000000000073,6.162042405446879,8.311999999999898,81.6,"","OK"
687,339,31.176000000000386,6.475414755106473,-2.8640000000004875,80,"","OK"
689,340,15.649999999999636,6.3425763329123415,1.4859999999998763,81.6,"","OK"
691,341,15.890000000000327,6.2030403121052995,5.595999999999549,81.6,"","OK"
693,342,31.96599999999944,6.563225292598683,-6.369999999999891,80,"","OK"
695,343,15.902000000000044,6.4091487118112624,-2.2719999999999345,80,"","OK"
697,344,15.952000000000226,6.261576917323044,1.77599999999984,81.6,"","OK"
699,345,15.028999999999542,6.180915859990383,6.747000000000298,81.6,"","OK"
701,346,31.493000000000393,6.5129211187410085,-4.746000000000095,80,"","OK"
703,347,14.725999999999658,6.435488548819717,0.5280000000002474,81.6,"","OK"
705,348,15.69000000000051,6.302645514518453,4.837999999999738,81.6,"","OK"
707,349,30.52599999999984,6.56660516986104,-5.688000000000102,80,"","OK"
709,350,15.475999999999658,6.438942346744747,-1.16399999999976,80,"","OK"
711,351,15.320999999999913,6.328945950073205,3.5150000000003274,81.6,"","OK"
713,352,15.6200000000008,6.20713682819358,7.894999999999527,81.6,"","OK"
715,353,30.682999999999993,6.48687827643148,-2.7880000000004657,80,"","OK"
717,354,15.936999999999898,6.335385884154519,1.2749999999996362,81.6,"","OK"
719,355,14.891999999999825,6.2586742663948725,6.382999999999811,81.6,"","OK"
721,356,31.99200000000019,6.6170071247452045,-5.609000000000378,80,"","OK"
723,357,16.099999999999454,6.447194179448664,-1.7089999999998327,80,"","OK"
725,358,15.358000000000175,6.3343695432331115,2.9329999999999927,81.6,"","OK"
727,359,15.423999999999978,6.224471446781044,7.5090000000000146,81.6,"","OK"
730,360,30.728000000000065,6.505941981357233,-3.219000000000051,80,"","OK"
731,361,15.489999999999782,6.381195607522419,1.2910000000001673,81.6,"","OK"
733,362,15.230000000000473,6.2804958820522385,6.060999999999694,81.6,"","OK"
735,363,32.0590000000002,6.641652389423986,-5.998000000000502,80,"","OK"
737,364,15.75,6.492174115084987,-1.748000000000502,81.6,"","OK"
739,365,15.205999999999221,6.386038232892224,3.0460000000002765,81.6,"","OK"
741,366,15.441000000000713,6.271848343336416,7.604999999999563,81.6,"","OK"
743,367,30.91699999999946,6.562170321877856,-3.311999999999898,80,"","OK"
745,368,15.779999999999745,6.415784676760506,0.9080000000003565,81.6,"","OK"
747,369,15.067000000000917,6.323110634462917,5.84099999999944,81.6,"","OK"
750,370,31.844999999999345,6.668228719808943,-6.003999999999905,80,"","OK"
751,371,15.868000000000393,6.50971442482086,-1.8720000000002983,81.6,"","OK"
753,372,15.95299999999952,6.3557947732695865,2.175000000000182,81.6,"","OK"
755,373,15.030999999999949,6.26912009994024,7.144000000000233,81.6,"","OK"
757,374,29.942000000000007,6.498675093693976,-2.7979999999997744,80,"","OK"
759,375,14.925000000000182,6.409695400338091,2.2770000000000437,81.6,"","OK"
761,376,15.777000000000044,6.273026937816957,6.5,81.6,"","OK"
763,377,31.24499999999989,6.583775254203391,-4.744999999999891,80,"","OK"
765,378,15.293000000000575,6.466476800815643,-0.03800000000046566,81.6,"","OK"
767,379,15.706999999999425,6.330634500764702,4.255000000000109,81.6,"","OK"
769,380,15.34900000000016,6.225657344466898,8.905999999999949,81.6,"","OK"
772,381,30.252000000000407,6.477303760437742,-1.3460000000004584,80,"","OK"
773,382,15.534999999999854,6.351534775410393,3.118999999999687,81.6,"","OK"
775,383,15.298999999999978,6.248376351947245,7.819999999999709,81.6,"","OK"
778,384,31.42999999999938,6.572227829950504,-3.6099999999996726,80,"","OK"
779,385,14.477000000000771,6.506651090578549,1.9129999999995562,81.6,"","OK"
781,386,15.495999999999185,6.381485397417441,6.417000000000371,81.6,"","OK"
783,387,31.160000000000764,6.680142560078899,-4.743000000000393,80,"","OK"
785,388,15.482999999999265,6.544946150074013,-0.22599999999965803,80,"","OK"
787,389,15.287000000000262,6.430449515694371,4.48700000000008,81.6,"","OK"
789,390,15.636000000000422,6.301296420963446,8.850999999999658,81.6,"","OK"
792,391,31.278000000000247,6.612340394653247,-2.4270000000005894,80,"","OK"
793,392,15.9399999999996,6.452819119987444,1.6329999999998108,81.6,"","OK"
795,393,15.345000000000255,6.340455424988213,6.287999999999556,81.6,"","OK"
797,394,30.492999999999483,6.599989460926418,-4.204999999999927,80,"","OK"
799,395,15.769000000000233,6.451927619618502,0.02599999999983993,80,"","OK"
801,396,15.511999999999716,6.329182143392363,4.514000000000124,81.6,"","OK"
803,397,15.793000000000575,6.196545759430305,8.720999999999549,81.6,"","OK"
805,398,30.69799999999941,6.477886649465874,-1.9769999999998618,80,"","OK"
807,399,15.095000000000255,6.379581233874241,2.9279999999998836,81.6,"","OK"
809,400,14.898000000000138,6.299732406757093,8.029999999999745,81.6,"","OK"
811,401,31.747999999999593,6.640249131334749,-3.717999999999847,80,"","OK"
813,402,15.900000000000546,6.481483560626293,0.3819999999996071,80,"","OK"
815,403,15.989999999999782,6.3270158380871635,4.391999999999825,81.6,"","OK"
818,404,29.881000000000313,6.549139848206735,-5.4890000000004875,80,"","OK"
819,405,15.961999999999534,6.3921936076938435,-1.4510000000000218,80,"","OK"
821,406,15.324000000000524,6.284931507212946,3.2249999999994543,81.6,"","OK"
823,407,15.448999999999614,6.176560788012161,7.77599999999984,81.6,"","OK"
825,408,30.315999999999804,6.435275738761389,-2.5399999999999636,80,"","OK"
827,409,15.538000000000466,6.311946005088773,1.9219999999995707,80,"","OK"
829,410,15.322000000000116,6.209824379770717,6.600000000000364,81.6,"","OK"
831,411,31.323999999998705,6.529460356034966,-4.723999999998341,80,"","OK"
833,412,15.239000000001397,6.418931583782694,0.037000000000261934,80,"","OK"
835,413,15.815999999998894,6.279248359796345,4.221000000001368,81.6,"","OK"
837,414,15.203999999999724,6.186545337309091,9.017000000001644,81.6,"","OK"
839,415,31.360000000000582,6.509886253727309,-2.3429999999989377,80,"","OK"
841,416,15.217000000000553,6.401955862869318,2.4400000000005093,80,"","OK"
843,417,15.55199999999968,6.279833621440006,6.8880000000008295,81.6,"","OK"
845,418,31.41699999999946,6.600906520099972,-4.528999999998632,80,"","OK"
847,419,15.463999999999942,6.471849862593728,0.007000000001426088,80,"","OK"
849,420,15.71900000000096,6.33492174618156,4.288000000000466,81.6,"","OK"
851,421,15.54700000000048,6.217301637045182,8.740999999999985,81.6,"","OK"
853,422,30.46099999999933,6.482532784729816,-1.7199999999993452,80,"","OK"
855,423,15.171000000000276,6.379186985684186,3.1090000000003783,80,"","OK"
857,424,15.332000000000335,6.272237799078903,7.777000000000044,81.6,"","OK"
860,425,31.396999999999025,6.59253543663641,-3.6199999999989814,80,"","OK"
861,426,15.44000000000051,6.465501971846603,0.9400000000005093,80,"","OK"
863,427,15.318999999999505,6.353970598606221,5.621000000001004,81.6,"","OK"
866,428,30.99200000000019,6.643847436193344,-5.370999999999185,80,"","OK"
867,429,15.550999999999476,6.506669471431293,-0.9219999999986612,80,"","OK"
869,430,15.757000000001426,6.365190129466748,3.3209999999999127,80,"","OK"
871,431,15.071999999998297,6.275365746375182,8.249000000001615,81.6,"","OK"
873,432,31.084000000000742,6.575905387226779,-2.834999999999127,80,"","OK"
875,433,15.016999999999825,6.476348800525116,2.1480000000010477,80,"","OK"
877,434,14.853000000000975,6.3932645004922355,7.295000000000073,81.6,"","OK"
880,435,31.962999999999738,6.741372969211454,-4.667999999999665,80,"","OK"
882,436,15.993000000000393,6.570474658635714,-0.6610000000000582,80,"","OK"
883,437,15.872999999999593,6.417757492471007,3.4660000000003492,81.6,"","OK"
885,438,15.903000000000247,6.272710149191553,7.563000000000102,81.6,"","OK"
888,439,30.7549999999992,6.552853264867031,-3.191999999999098,80,"","OK"
889,440,16.090000000000146,6.387674935812833,0.7180000000007567,80,"","OK"
891,441,15.102999999999156,6.294507752324583,5.615000000001601,81.6,"","OK"
894,442,31.540000000000873,6.622351017804352,-5.924999999999272,80,"","OK"
895,443,15.254000000000815,6.505079079191529,-1.1790000000000873,80,"","OK"
897,444,15.170999999998457,6.400324136742155,3.650000000001455,81.6,"","OK"
899,445,15.254000000000815,6.296928878195719,8.39600000000064,81.6,"","OK"
901,446,30.70800000000054,6.572620823308521,-2.311999999999898,80,"","OK"
903,447,15.578999999999724,6.438144521851755,2.1090000000003783,80,"","OK"
905,448,15.395999999998821,6.323510489236094,6.713000000001557,81.6,"","OK"
907,449,30.83300000000054,6.6053535836588715,-4.119999999998981,80,"","OK"
909,450,16.01599999999962,6.441518984680216,-0.13599999999860302,80,"","OK"
911,451,15.183000000000902,6.339986548137646,4.681000000000495,81.6,"","OK"
914,452,30.994000000000597,6.6308623888790805,-6.313000000000102,80,"","OK"
915,453,15.620999999999185,6.490120989574189,-1.933999999999287,80,"","OK"
917,454,15.068999999999505,6.392675927725833,2.997000000001208,81.6,"","OK"
919,455,15.319000000001324,6.285696182242885,7.677999999999884,81.6,"","OK"
921,456,31.472999999999956,6.609902670852702,-3.7950000000000728,80,"","OK"
923,457,15.645999999998821,6.468908753924482,0.559000000001106,80,"","OK"
925,458,15.907000000001062,6.320414456804135,4.652000000000044,81.6,"","OK"
927,459,29.95600000000013,6.547638553253885,-5.304000000000087,80,"","OK"
929,460,15.08299999999872,6.445723643675597,-0.38699999999880674,80,"","OK"
931,461,16.077000000001135,6.288053415945802,3.536000000000058,81.6,"","OK"
933,462,15.638999999999214,6.167612577449239,7.897000000000844,81.6,"","OK"
935,463,30.611000000000786,6.445324291358711,-2.713999999999942,80,"","OK"
937,464,15.852999999999156,6.301679023148844,1.4330000000009022,80,"","OK"
939,465,15.929000000000087,6.162261584202035,5.504000000000815,81.6,"","OK"
942,466,30.993000000000393,6.464182735189432,-5.488999999999578,80,"","OK"
943,467,15.615999999999985,6.334171314240093,-1.1049999999995634,80,"","OK"
946,468,15.701999999999316,6.20691060710013,3.1930000000011205,81.6,"","OK"
947,469,15.378000000000611,6.107853694156334,7.815000000000509,81.6,"","OK"
949,470,31.222999999999956,6.42755033827156,-3.407999999999447,80,"","OK"
951,471,15.226999999998952,6.324140942129653,1.3650000000016007,80,"","OK"
953,472,15.595000000001164,6.204194633246477,5.770000000000437,81.6,"","OK"
956,473,31.229999999999563,6.518307468668545,-5.459999999999127,80,"","OK"
957,474,15.579999999999927,6.387163251876766,-1.0399999999990541,80,"","OK"
959,475,15.420000000000073,6.274215548634463,3.540000000000873,81.6,"","OK"
961,476,15.657999999999447,6.153452076844844,7.882000000001426,81.6,"","OK"
963,477,30.25300000000061,6.4096738220420795,-2.370999999999185,80,"","OK"
966,478,15.691000000000713,6.278381708164405,1.9380000000001019,81.6,"","OK"
967,479,15.645999999998821,6.158107851404203,6.292000000001281,81.6,"","OK"
969,480,31.183000000000902,6.4721636106914975,-4.890999999999622,80,"","OK"
971,481,15.016999999999825,6.37909088502329,0.09200000000055297,80,"","OK"
973,482,16.110999999998967,6.223460204709399,3.981000000001586,81.6,"","OK"
975,483,14.986000000000786,6.1478689419150125,8.9950000000008,81.6,"","OK"
978,484,31.01300000000083,6.451939633045376,-2.018000000000029,80,"","OK"
980,485,16.05999999999949,6.294943405980073,1.9220000000004802,81.6,"","OK"
981,486,14.85399999999936,6.223134443106358,7.0680000000011205,81.6,"","OK"
983,487,30.579999999999927,6.495438540412206,-3.5119999999988067,80,"","OK"
985,488,15.792999999999665,6.3524111316364635,0.695000000001528,80,"","OK"
987,489,15.428000000001703,6.2411354359090785,5.266999999999825,81.6,"","OK"
990,490,30.487999999999374,6.506564471164722,-5.220999999999549,80,"","OK"
991,491,15.921000000000276,6.35484169171691,-1.1419999999998254,80,"","OK"
993,492,15.653999999998632,6.229289085984688,3.2040000000015425,81.6,"","OK"
995,493,16.034999999999854,6.087771018110654,7.169000000001688,81.6,"","OK"
997,494,31.58300000000054,6.431222829478772,-4.41399999999885,80,"","OK"
999,495,15.306000000000495,6.322646402636318,0.28000000000065484,80,"","OK"
1001,496,15.185999999999694,6.228356002471567,5.09400000000096,81.6,"","OK"
1003,497,30.58100000000013,6.500396252317102,-5.4869999999991705,80,"","OK"
1005,498,16.004000000000815,6.343871486547232,-1.4909999999999854,80,"","OK"
1007,499,15.354999999999563,6.237692018638057,3.154000000000451,81.6,"","OK"
1009,500,15.746999999999389,6.113648767473217,7.407000000001062,81.6,"","OK"
1011,501,30.56800000000112,6.392045719506211,-3.161000000000058,80,"","OK"
1013,502,16.018999999998414,6.241355362037171,0.820000000001528,81.6,"","OK"
1015,503,15.08600000000115,6.1583956519097764,5.734000000000378,81.6,"","OK"
1017,504,31.221999999999753,6.4748709236654,-5.487999999999374,80,"","OK"
1019,505,15.808999999999287,6.332128990936357,-1.2969999999986612,80,"","OK"
1021,506,14.778000000000247,6.262745929002819,3.9250000000010914,81.6,"","OK"
1023,507,15.644000000000233,6.143574308440129,8.281000000000859,81.6,"","OK"
1026,508,31.072000000000116,6.451600914162628,-2.790999999999258,80,"","OK"
1027,509,14.921000000000276,6.365813357027447,2.2880000000004657,81.6,"","OK"
1029,510,14.925999999999476,6.285075022213264,7.3620000000009895,81.6,"","OK"
1031,511,30.10200000000077,6.523632833324983,-2.7399999999997817,80,"","OK"
1033,512,15.862999999999374,6.374468281242211,1.397000000000844,80,"","OK"
1035,513,14.899999999999636,6.294814013664595,6.497000000001208,81.6,"","OK"
1038,514,29.85900000000038,6.517575637810582,-3.3619999999991705,80,"","OK"
1039,515,15.793999999999869,6.373102160447429,0.8440000000009604,80,"","OK"
1041,516,15.41400000000067,6.261408275419423,5.430000000000291,81.6,"","OK"
1043,517,31.406999999999243,6.583007758205661,-5.976999999998952,80,"","OK"
1045,518,14.829999999999927,6.4946947733178115,-0.8069999999988795,80,"","OK"
1047,519,15.934000000001106,6.342901349985379,3.2590000000000146,80,"","OK"
1049,520,16.036999999998443,6.19415751561139,7.222000000001572,81.6,"","OK"
1051,521,30.889000000001033,6.487585170885742,-3.6669999999994616,80,"","OK"
1053,522,14.907999999999447,6.400361097705418,1.4250000000010914,80,"","OK"
1055,523,15.905000000000655,6.256276029098789,5.520000000000437,81.6,"","OK"
1057,524,30.99699999999939,6.552571277280077,-5.476999999998952,80,"","OK"
1059,525,15.950000000000728,6.396160572450026,-1.4269999999996799,80,"","OK"
1061,526,15.877000000000407,6.254088036671874,2.6959999999999127,80,"","OK"
1063,527,15.024999999999636,6.1741450343799045,7.6710000000002765,81.6,"","OK"
1065,528,30.95799999999872,6.47313596973108,-3.286999999998443,80,"","OK"
1068,529,15.911000000000058,6.324127471622885,0.8020000000014988,80,"","OK"
1069,530,15.936000000001513,6.1828695046463595,4.8659999999999854,81.6,"","OK"
1072,531,30.92899999999827,6.479502660605854,-6.062999999998283,80,"","OK"
1073,532,15.928000000001703,6.329033744317881,-1.9909999999999854,80,"","OK"
1075,533,14.97899999999936,6.247281635298053,3.030000000000655,80,"","OK"
1077,534,16.072000000000116,6.102326533091918,6.958000000000538,81.6,"","OK"
1080,535,30.909999999999854,6.402806124773664,-3.951999999999316,80,"","OK"
1081,536,15.923000000000684,6.257443241975268,0.125,80,"","OK"
1084,537,15.920999999998457,6.12129053935191,4.2040000000015425,81.6,"","OK"
1085,538,15.941000000000713,5.992397380642371,8.26300000000083,81.6,"","OK"
1087,539,30.05999999999949,6.246622544352191,-1.7969999999986612,80,"","OK"
1089,540,16.048000000000684,6.1032086353301365,2.155000000000655,81.6,"","OK"
1091,541,14.88299999999981,6.041570595622015,7.272000000000844,81.6,"","OK"
1094,542,31.913000000000466,6.408534933395668,-4.640999999999622,80,"","OK"
1096,543,15.90099999999984,6.264189000058448,-0.5419999999994616,80,"","OK"
1097,544,15.226999999998952,6.170989687554861,4.231000000001586,81.6,"","OK"
1099,545,15.439000000000306,6.0703653320826625,8.79200000000128,81.6,"","OK"
1101,546,30.95800000000054,6.37584249882753,-2.165999999999258,80,"","OK"
1103,547,15.234000000000378,6.275227342650786,2.600000000000364,81.6,"","OK"
1105,548,15.418999999999869,6.1693381337351205,7.181000000000495,81.6,"","OK"
1108,549,32.163000000000466,6.543942000376704,-4.981999999999971,80,"","OK"
1109,550,15.850999999998749,6.394258125353239,-0.8329999999987194,80,"","OK"
1111,551,16.00799999999981,6.2441169925186735,3.1590000000014697,81.6,"","OK"
1113,552,15.897000000000844,6.110297180486204,7.262000000000626,81.6,"","OK"
1116,553,31.326999999999316,6.436341106705774,-4.06499999999869,80,"","OK"
1117,554,14.904000000000451,6.352569787536635,1.0310000000008586,81.6,"","OK"
1119,555,15.954999999999927,6.2083466758156,5.076000000000931,81.6,"","OK"
1122,556,30.899999999999636,6.501575008577102,-5.823999999998705,80,"","OK"
1124,557,16.02100000000064,6.343914070540992,-1.8449999999993452,80,"","OK"
1126,558,15.972999999999956,6.199106941132183,2.1820000000006985,81.6,"","OK"
1127,559,14.951999999999316,6.127162757311464,7.230000000001382,81.6,"","OK"
1130,560,30.75500000000102,6.416402584979561,-3.524999999999636,80,"","OK"
1131,561,15.91399999999885,6.27075242341841,0.5610000000015134,81.6,"","OK"
1133,562,15.46900000000096,6.1620178969546995,5.092000000000553,81.6,"","OK"
1136,563,30.072000000000116,6.406391778395038,-4.979999999999563,80,"","OK"
1137,564,14.907999999999447,6.324242292245383,0.11200000000098953,81.6,"","OK"
1139,565,15.924000000000888,6.183727148979991,4.188000000000102,81.6,"","OK"
1141,566,29.90099999999984,6.416056702168731,-5.712999999999738,80,"","OK"
1143,567,14.944999999999709,6.330990658283204,-0.657999999999447,81.6,"","OK"
1146,568,14.98699999999917,6.248616242140556,4.355000000001382,81.6,"","OK"
1147,569,16.02100000000064,6.106765227006731,8.334000000000742,81.6,"","OK"
1149,570,31.185999999999694,6.424217400318791,-2.8519999999989523,80,"","OK"
1151,571,15.621999999999389,6.2963288127989046,1.526000000001659,81.6,"","OK"
1153,572,15.032000000001062,6.213308261998907,6.494000000000597,81.6,"","OK"
1155,573,31.253999999998996,6.528351495623912,-4.759999999998399,80,"","OK"
1157,574,15.781000000000859,6.384017027147364,-0.5409999999992579,81.6,"","OK"
1159,575,15.351000000000568,6.275578462950619,4.108000000000175,81.6,"","OK"
1161,576,15.800999999999476,6.145792309016238,8.307000000000698,81.6,"","OK"
1163,577,30.945999999999913,6.445805289702717,-2.638999999999214,80,"","OK"
1165,578,16.230999999999767,6.278504959096312,1.1300000000010186,81.6,"","OK"
1167,579,15.834000000000742,6.146473399152746,5.2960000000002765,81.6,"","OK"
1169,580,30.941999999999098,6.446193811705643,-5.645999999998821,80,"","OK"
1171,581,15.878000000000611,6.3009316984740025,-1.5239999999994325,81.6,"","OK"
1173,582,15.630999999999403,6.180185967319415,2.845000000001164,81.6,"","OK"
1175,583,15.858000000000175,6.05279934436194,6.9870000000009895,81.6,"","OK"
1178,584,31.005999999999403,6.362374385339281,-4.018999999998414,80,"","OK"
1179,585,14.851000000000568,6.286538486255541,1.1300000000010186,81.6,"","OK"
1181,586,16.096999999999753,6.137567330864585,5.033000000001266,81.6,"","OK"
1184,587,31.44000000000051,6.468969372685581,-6.406999999999243,80,"","OK"
1185,588,15.188000000000102,6.365408786892726,-1.5949999999993452,80,"","OK"
1187,589,15.11199999999917,6.273070737711982,3.2930000000014843,81.6,"","OK"
1189,590,15.134000000000015,6.1851288166049825,8.15900000000147,81.6,"","OK"
1191,591,31.681000000000495,6.528620765567202,-3.521999999999025,80,"","OK"
1194,592,15.305000000000291,6.414019467719234,1.173000000000684,81.6,"","OK"
1195,593,15.899999999999636,6.269393250986805,5.273000000001048,81.6,"","OK"
1198,594,29.43499999999949,6.467243672800097,-4.161999999998443,80,"","OK"
1199,595,15.751000000000204,6.328603443250079,0.08700000000135333,80,"","OK"
1202,596,15.947000000000116,6.186378228046942,4.140000000001237,81.6,"","OK"
1203,597,15.243000000000393,6.097042088793983,8.897000000000844,81.6,"","OK"
1205,598,30.846999999999753,6.3939144582443435,-1.9499999999989086,80,"","OK"
1207,599,16.040000000000873,6.241794804604018,2.0100000000002183,81.6,"","OK"
1209,600,16,6.101682629316267,6.010000000000218,81.6,"","OK"
1211,601,30.56499999999869,6.380639964983918,-4.554999999998472,80,"","OK"
1213,602,15.374000000001615,6.2709749671723225,0.07099999999991269,80,"","OK"
1215,603,15.343999999999141,6.170039031724106,4.727000000000771,81.6,"","OK"
1218,604,30.808999999999287,6.459974092241305,-6.081999999998516,80,"","OK"
1219,605,15.287000000000262,6.350788211476207,-1.3689999999987776,80,"","OK"
1221,606,15.625,6.2273014482589435,3.0060000000012224,81.6,"","OK"
1223,607,15.009000000000015,6.150032607742759,7.997000000001208,81.6,"","OK"
1225,608,31.792999999999665,6.502718069758815,-3.7959999999984575,80,"","OK"
1227,609,15.317000000000917,6.388985690398832,0.8870000000006257,80,"","OK"
1229,610,15.786000000000058,6.253049084748902,5.1010000000005675,81.6,"","OK"
1232,611,30.396999999999025,6.512046016952034,-5.2959999999984575,80,"","OK"
1233,612,16.06800000000112,6.350793140892462,-1.363999999999578,80,"","OK"
1235,613,15.921000000000276,6.208806069586665,2.7150000000001455,81.6,"","OK"
1237,614,15.427999999999884,6.106505690237506,7.287000000000262,81.6,"","OK"
1239,615,31.185999999999694,6.423974084597642,-3.8989999999994325,80,"","OK"
1241,616,14.962999999999738,6.337288204310306,1.1380000000008295,81.6,"","OK"
1243,617,15.45299999999952,6.225395191540941,5.68500000000131,81.6,"","OK"
1245,618,32.181000000000495,6.597620492069663,-6.495999999999185,80,"","OK"
1247,619,15.621999999999389,6.458894211315347,-2.117999999998574,80,"","OK"
1249,620,14.878000000000611,6.3753383231081,3.004000000000815,81.6,"","OK"
1251,621,15.88800000000083,6.233879677913792,7.1159999999999854,81.6,"","OK"
1253,622,31.183999999999287,6.543262198044135,-4.0679999999993015,80,"","OK"
1256,623,15.140999999999622,6.437995810666401,0.7910000000010768,81.6,"","OK"
1257,624,14.885000000000218,6.355308572499737,5.906000000000859,81.6,"","OK"
1260,625,31.324000000000524,6.6658517867185365,-5.417999999999665,80,"","OK"
1261,626,15.564000000000306,6.526486050048609,-0.9819999999999709,80,"","OK"
1263,627,15.621999999999389,6.3922056719206095,3.3960000000006403,81.6,"","OK"
1265,628,15.653000000000247,6.264380317425556,7.743000000000393,81.6,"","OK"
1267,629,31.18000000000029,6.571606547586477,-3.436999999999898,80,"","OK"
1269,630,15.584999999999127,6.436818638362377,0.978000000000975,81.6,"","OK"
1271,631,15.706000000000131,6.30289247346472,5.272000000000844,81.6,"","OK"
1273,632,30.43000000000029,6.560836693873193,-5.157999999999447,80,"","OK"
1275,633,15.532999999999447,6.429971900506152,-0.690999999998894,80,"","OK"
1277,634,15.79700000000048,6.290786156724488,3.5120000000006257,81.6,"","OK"
1279,635,15.32799999999952,6.189612021929237,8.184000000001106,81.6,"","OK"
1282,636,30.691000000000713,6.470948770558705,-2.506999999999607,80,"","OK"
1283,637,15.518000000000029,6.346639472398784,1.9750000000003638,81.6,"","OK"
1285,638,15.307999999999083,6.2432245053739175,6.667000000001281,81.6,"","OK"
1287,639,30.695999999999913,6.521522973788042,-4.028999999998632,80,"","OK"
1289,640,15.31000000000131,6.407052787926208,0.6610000000000582,80,"","OK"
1291,641,14.967999999998938,6.321111988680887,5.6930000000011205,81.6,"","OK"
1293,642,31.296000000000276,6.632042489388349,-5.602999999999156,80,"","OK"
1295,643,15.512000000000626,6.4980398338015375,-1.1149999999997817,80,"","OK"
1297,644,15.868000000000393,6.350162344188917,3.0169999999998254,81.6,"","OK"
1299,645,14.988999999999578,6.266464697677136,8.028000000000247,81.6,"","OK"
1301,646,30.961999999999534,6.5599356540722855,-2.933999999999287,80,"","OK"
1303,647,14.811999999999898,6.474189675692774,2.254000000000815,80,"","OK"
1305,648,15.001000000000204,6.381990320961963,7.253000000000611,81.6,"","OK"
1308,649,30.752000000000407,6.655115925901866,-3.4989999999997963,80,"","OK"
1309,650,15.65099999999984,6.510983680533009,0.8500000000003638,80,"","OK"
1311,651,15.698999999998705,6.372859700499777,5.151000000001659,81.6,"","OK"
1314,652,31.14100000000144,6.6708684692186315,-5.989999999999782,80,"","OK"
1315,653,15.944999999999709,6.507376689892485,-1.9349999999994907,80,"","OK"
1317,654,15.09900000000016,6.406978146774195,2.9660000000003492,81.6,"","OK"
1319,655,15.296000000000276,6.300542012600791,7.670000000000073,81.6,"","OK"
1321,656,31.3849999999984,6.6183206368131415,-3.7149999999983265,80,"","OK"
1323,657,15.423000000000684,6.490738097012278,0.8620000000009895,80,"","OK"
1325,658,15.53900000000067,6.363879465948968,5.32300000000032,81.6,"","OK"
1328,659,31.33599999999933,6.674636999327116,-6.0129999999990105,80,"","OK"
1329,660,15.094999999999345,6.564034686869212,-1.1079999999983556,80,"","OK"
1331,661,16.105000000001382,6.3972200189398,2.787000000000262,81.6,"","OK"
1333,662,14.916999999999462,6.315081267756096,7.8700000000008,81.6,"","OK"
1336,663,30.362999999999374,6.5680761885213,-2.492999999998574,80,"","OK"
1337,664,15.722000000001572,6.424946426738621,1.7849999999998545,80,"","OK"
1339,665,15.118999999998778,6.328449775067534,6.666000000001077,81.6,"","OK"
1341,666,31.825000000000728,6.671984164125858,-5.158999999999651,80,"","OK"
1343,667,15.786000000000058,6.518360153867988,-0.944999999999709,80,"","OK"
1345,668,15.316999999999098,6.403650144251295,3.7380000000011933,81.6,"","OK"
1347,669,15.735000000000582,6.2699845102355525,8.003000000000611,81.6,"","OK"
1349,670,30.657999999999447,6.544235478345795,-2.654999999998836,80,"","OK"
1351,671,15.28900000000067,6.429658260949141,2.0560000000004948,80,"","OK"
1353,672,15.337999999999738,6.319179619639836,6.718000000000757,81.6,"","OK"
1355,673,29.251000000000204,6.502418393412359,-2.532999999999447,80,"","OK"
1357,674,15.575999999999112,6.372517243824142,1.8910000000014406,80,"","OK"
1359,675,15.210000000000946,6.273609916085074,6.681000000000495,81.6,"","OK"
1361,676,31.340000000000146,6.590259296329766,-4.658999999999651,80,"","OK"
1363,677,15.924999999999272,6.433055590309201,-0.5839999999989232,80,"","OK"
1365,678,15.680000000000291,6.300989615914858,3.736000000000786,80,"","OK"
1367,679,15.700000000000728,6.175927764920134,8.036000000000058,81.6,"","OK"
1369,680,31.259000000000015,6.493619779612627,-3.2229999999999563,80,"","OK"
1371,681,16.037999999998647,6.335393543386922,0.739000000001397,80,"","OK"
1373,682,16.23400000000038,6.174806446925215,4.505000000001019,81.6,"","OK"
1375,683,15.780000000000655,6.052631043992348,8.725000000000364,81.6,"","OK"
1378,684,31.941999999999098,6.42071660374277,-3.216999999998734,80,"","OK"
1380,685,15.968000000000757,6.271421816008799,0.8150000000005093,80,"","OK"
1381,686,15.296000000000276,6.173457952508232,5.519000000000233,81.6,"","OK"
1383,687,31.01800000000003,6.47624183047647,-5.498999999999796,80,"","OK"
1386,688,15.713999999999942,6.339351716071694,-1.212999999999738,80,"","OK"
1387,689,15.68499999999949,6.212829733817245,3.1020000000007713,81.6,"","OK"
1389,690,15.317999999999302,6.117152875453711,7.78400000000147,81.6,"","OK"
1391,691,30.004000000000815,6.360080820737905,-2.219999999999345,80,"","OK"
1397,692,14.820999999999913,6.2862632694417915,2.959000000000742,81.6,"","OK"
1399,693,15.503999999998996,6.174371815101742,7.455000000001746,81.6,"","OK"
1401,694,30.90100000000166,6.4697860766579876,-3.4459999999999127,80,"","OK"
1403,695,15.70799999999872,6.333674446866944,0.8460000000013679,80,"","OK"
1405,696,14.986000000000786,6.25119479393771,5.860000000000582,81.6,"","OK"
1407,697,30.86999999999898,6.539870119316539,-5.009999999998399,80,"","OK"
1409,698,16.162000000000262,6.37100323685924,-1.1719999999986612,80,"","OK"
1411,699,15.522000000000844,6.252690534555485,3.3060000000004948,81.6,"","OK"
1413,700,15.509000000000015,6.142584876145766,7.79700000000048,81.6,"","OK"
1415,701,30.64099999999962,6.423735821386632,-2.8439999999991414,80,"","OK"
1417,702,14.986000000000786,6.335627332549919,2.1700000000000728,81.6,"","OK"
1419,703,15.421999999998661,6.225775624265633,6.7480000000014115,81.6,"","OK"
1421,704,31.066000000000713,6.528289647749075,-4.3179999999993015,80,"","OK"
1423,705,14.880999999999403,6.440209044764795,0.8010000000012951,80,"","OK"
1425,706,16.011000000000422,6.2870084794669685,4.790000000000873,81.6,"","OK"
1427,707,30.603000000000975,6.556757949500344,-5.813000000000102,80,"","OK"
1429,708,15.903999999998632,6.402960577656659,-1.716999999998734,80,"","OK"
1431,709,14.939000000000306,6.3190880415530986,3.3440000000009604,81.6,"","OK"
1433,710,15.141999999999825,6.227770038956041,8.202000000001135,81.6,"","OK"
1435,711,31.298000000000684,6.544659411521331,-3.095999999999549,80,"","OK"
1438,712,14.988999999999578,6.448805698301274,1.9150000000008731,80,"","OK"
1439,713,15.619000000000597,6.319567842157407,6.2960000000002765,81.6,"","OK"
1442,714,31.22099999999955,6.625907352022541,-4.924999999999272,80,"","OK"
1443,715,15.225000000000364,6.510225642521109,-0.1499999999996362,80,"","OK"
1445,716,15.067999999999302,6.411586539863584,4.782000000001062,81.6,"","OK"
1447,717,31.509000000000015,6.730174881122111,-6.726999999998952,80,"","OK"
1449,718,15.685999999999694,6.579163951051998,-2.4129999999986467,80,"","OK"
1451,719,15.770000000000437,6.432341204111221,1.8170000000009168,80,"","OK"
1453,720,15.154000000000451,6.333194878854242,6.663000000000466,81.6,"","OK"
1455,721,31.072000000000116,6.629370198925859,-4.408999999999651,80,"","OK"
1457,722,15.610999999998967,6.489347061493057,-0.019999999998617568,80,"","OK"
1459,723,15.445000000001528,6.368450370149645,4.5349999999998545,81.6,"","OK"
1461,724,31.373999999999796,6.68129722201528,-6.838999999999942,80,"","OK"
1463,725,15.527000000000044,6.543278645639322,-2.3659999999999854,80,"","OK"
1465,726,14.615999999999985,6.470823730286866,3.018000000000029,81.6,"","OK"
1467,727,15.996999999999389,6.316584747143975,7.02100000000064,81.6,"","OK"
1470,728,30.597999999999956,6.584173200447474,-3.576999999999316,80,"","OK"
1471,729,15.550999999999476,6.450724875419539,0.8720000000012078,80,"","OK"
1473,730,15.260000000000218,6.343804570705804,5.6120000000009895,81.6,"","OK"
1475,731,31.342000000000553,6.656191785036726,-5.729999999999563,80,"","OK"
1477,732,15.167999999999665,6.542179798471952,-0.8979999999992287,80,"","OK"
1479,733,14.90899999999965,6.451481061067477,4.1930000000011205,80,"","OK"
1482,734,30.872999999999593,6.7278259947507335,-6.679999999998472,80,"","OK"
1483,735,15.832000000000335,6.567836870078792,-2.5119999999988067,80,"","OK"
1485,736,15.881000000001222,6.414784565698791,1.606999999999971,80,"","OK"
1487,737,16.367999999998574,6.240860530342705,5.239000000001397,81.6,"","OK"
1490,738,31.06800000000112,6.542556747196357,-5.8289999999997235,80,"","OK"
1492,739,15.68199999999888,6.403521950496654,-1.510999999998603,80,"","OK"
1493,740,15.155000000000655,6.3061143285905725,3.334000000000742,80,"","OK"
1495,741,14.778000000000247,6.238357183053647,8.556000000000495,81.6,"","OK"
1498,742,31.70600000000013,6.580084859112802,-3.149999999999636,80,"","OK"
1499,743,15.995999999999185,6.419079555418302,0.8540000000011787,80,"","OK"
1501,744,15.34900000000016,6.308574583204648,5.505000000001019,81.6,"","OK"
1504,745,30.058000000000902,6.542913671754414,-4.552999999999884,80,"","OK"
1505,746,15.46099999999933,6.417669067269805,-0.013999999999214197,80,"","OK"
1507,747,15.094999999999345,6.323127250565483,4.891000000001441,81.6,"","OK"
1510,748,30.64300000000003,6.593119297405143,-5.7519999999985885,80,"","OK"
1511,749,15.393000000000029,6.46898684131732,-1.1449999999986176,80,"","OK"
1513,750,15.895000000000437,6.32123766373496,2.960000000000946,80,"","OK"
1515,751,15.217000000000553,6.225097809751491,7.743000000000393,81.6,"","OK"
1517,752,31.483000000000175,6.5537166966420335,-3.7399999999997817,80,"","OK"
1519,753,15.445999999999913,6.428734403101912,0.8140000000003056,80,"","OK"
1521,754,15.578999999999724,6.30325100290806,5.235000000000582,81.6,"","OK"
1523,755,29.927999999999884,6.529797815226299,-4.6929999999993015,80,"","OK"
1525,756,15.273999999999432,6.417060451774691,0.03300000000126602,80,"","OK"
1527,757,15.231999999999971,6.313994173538775,4.801000000001295,81.6,"","OK"
1529,758,31.36499999999978,6.629682037692588,-6.563999999998487,80,"","OK"
1531,759,15.550000000001091,6.4934519103367325,-2.113999999999578,80,"","OK"
1533,760,14.833000000000538,6.410548665940653,3.0529999999998836,80,"","OK"
1535,761,15.48399999999856,6.2921393743194525,7.569000000001324,81.6,"","OK"
1537,762,31.290000000000873,6.604505663424542,-3.720999999999549,80,"","OK"
1539,763,15.423999999999069,6.477724059460566,0.8550000000013824,80,"","OK"
1541,764,15.259000000000015,6.369178805744279,5.596000000001368,81.6,"","OK"
1543,765,31.519000000000233,6.691042630385276,-5.922999999998865,80,"","OK"
1545,766,14.88800000000083,6.592352465986144,-0.8109999999996944,80,"","OK"
1547,767,14.947000000000116,6.496142936862003,4.242000000000189,81.6,"","OK"
1549,768,15.948999999998705,6.343321503308209,8.293000000001484,81.6,"","OK"
1552,769,30.052999999999884,6.575176409351439,-1.7599999999983993,80,"","OK"
1553,770,14.860000000000582,6.485477883766937,3.3800000000010186,80,"","OK"
1555,771,15.939000000000306,6.333948016031485,7.441000000000713,81.6,"","OK"
1558,772,30.858000000000175,6.616701265029528,-3.4169999999994616,80,"","OK"
1559,773,15.545000000000073,6.481594935965178,1.0380000000004657,80,"","OK"
1561,774,15.720999999999549,6.343932752467382,5.317000000000917,81.6,"","OK"
1563,775,31.552999999999884,6.669499455438164,-6.235999999998967,80,"","OK"
1565,776,15.683999999999287,6.522405739473323,-1.9199999999982538,80,"","OK"
1567,777,15.015000000001237,6.426317880756162,3.0650000000005093,80,"","OK"
1569,778,16.122999999999593,6.266985513208928,6.942000000000917,81.6,"","OK"
1571,779,30.957000000000335,6.560111418633391,-4.014999999999418,80,"","OK"
1573,780,15.470999999999549,6.433166954968832,0.5140000000010332,80,"","OK"
1575,781,16.064000000000306,6.277094020283261,4.450000000000728,81.6,"","OK"
1577,782,16.217000000000553,6.121213144015523,8.233000000000175,81.6,"","OK"
1579,783,30.628999999998996,6.40294982251449,-2.3959999999988213,80,"","OK"
1581,784,15.602000000000771,6.277640458607286,2.0020000000004075,81.6,"","OK"
1583,785,15.338999999999942,6.176600429944335,6.663000000000466,81.6,"","OK"
1585,786,31.601999999998952,6.515687903072749,-4.938999999998487,80,"","OK"
1587,787,15.869000000000597,6.366644909130665,-0.8079999999990832,80,"","OK"
1589,788,15.88299999999981,6.22604210231001,3.309000000001106,81.6,"","OK"
1591,789,15.777000000000044,6.100851970915632,7.532000000001062,81.6,"","OK"
1593,790,30.909999999999854,6.401423722733396,-3.377999999998792,80,"","OK"
1595,791,15.356999999999971,6.2915222400625606,1.265000000001237,80,"","OK"
1597,792,15.194999999999709,6.198614600058669,6.070000000001528,81.6,"","OK"
1600,793,30.720000000001164,6.481201187555074,-4.649999999999636,80,"","OK"
1602,794,15.454999999999927,6.360188613332887,-0.10499999999956344,80,"","OK"
1603,795,15.354999999999563,6.252989324999609,4.540000000000873,81.6,"","OK"
1606,796,29.933000000000902,6.48298999218719,-5.393000000000029,80,"","OK"
1607,797,14.984999999998763,6.391240617675568,-0.3779999999987922,80,"","OK"
1609,798,15.91400000000067,6.247163079070804,3.7080000000005384,81.6,"","OK"
1611,799,15.967000000000553,6.108777886628844,7.7409999999999854,81.6,"","OK"
1614,800,30.80699999999888,6.402416768714471,-3.065999999998894,80,"","OK"
1615,801,16.11200000000099,6.245265720669755,0.8220000000001164,80,"","OK"
1617,802,14.840000000000146,6.177436613127886,5.981999999999971,81.6,"","OK"
1619,803,31.732999999998356,6.524659324807291,-5.750999999998385,80,"","OK"
1621,804,15.122000000001208,6.42174311700676,-0.8729999999995925,80,"","OK"
1623,805,15.542999999999665,6.298946672193859,3.584000000000742,81.6,"","OK"
1625,806,15.481999999999971,6.187637505181744,8.102000000000771,81.6,"","OK"
1627,807,30.266999999999825,6.442597661107874,-2.164999999999054,80,"","OK"
1629,808,15.932000000000698,6.294185307288589,1.9030000000002474,81.6,"","OK"
1631,809,15.13799999999901,6.204673725583114,6.765000000001237,81.6,"","OK"
1633,810,30.95600000000013,6.501631617734177,-4.190999999998894,80,"","OK"
1635,811,15.643000000000029,6.3675921416257895,0.16600000000107684,80,"","OK"
1637,812,15.695999999999913,6.238617632774183,4.470000000001164,81.6,"","OK"
1639,813,16.046000000000276,6.095829030725779,8.424000000000888,81.6,"","OK"
1642,814,30.461999999999534,6.368714716305389,-2.0379999999986467,80,"","OK"
1644,815,15.024000000001251,6.281670046536224,2.938000000000102,81.6,"","OK"
1645,816,15.206999999998516,6.188628168627803,7.731000000001586,81.6,"","OK"
1647,817,31.043000000001484,6.492026408088658,-3.311999999999898,80,"","OK"
1649,818,14.885999999998603,6.405899757583204,1.8020000000014988,80,"","OK"
1651,819,15.505999999999403,6.286406022734405,6.2960000000020955,81.6,"","OK"
1653,820,31.020000000000437,6.5822556463135315,-4.723999999998341,80,"","OK"
1655,821,15.18500000000131,6.471802168418854,0.09100000000034925,80,"","OK"
1658,822,15.996999999999389,6.317502032892714,4.09400000000096,81.6,"","OK"
1659,823,15.504000000000815,6.203658155836868,8.590000000000146,81.6,"","OK"
1662,824,31.968000000000757,6.563929521097111,-3.378000000000611,80,"","OK"
1663,825,14.547999999998865,6.494433926028613,2.074000000000524,81.6,"","OK"
1665,826,15.182000000000698,6.38965680565178,6.891999999999825,81.6,"","OK"
1668,827,29.788000000000466,6.602053255298573,-2.8960000000006403,80,"","OK"
1669,828,14.83299999999872,6.5123624268424924,2.2710000000006403,80,"","OK"
1671,829,14.980999999999767,6.419027275164852,7.290000000000873,81.6,"","OK"
1673,830,30.941999999999098,6.701713070466992,-3.6519999999982247,80,"","OK"
1675,831,15.454000000001543,6.5669810035627085,0.8940000000002328,80,"","OK"
1677,832,15.234000000000378,6.454419690840016,5.6599999999998545,80,"","OK"
1680,833,30.276999999998225,6.693330960162404,-4.61699999999837,80,"","OK"
1681,834,15.34400000000096,6.565997775152194,0.03900000000066939,80,"","OK"
1683,835,15.11200000000099,6.46112291420512,4.92699999999968,80,"","OK"
1685,836,30.568999999999505,6.717865232067269,-5.641999999999825,80,"","OK"
1687,837,15.187999999998283,6.598748655063172,-0.8299999999981083,80,"","OK"
1689,838,15.513000000002648,6.466764364121558,3.6569999999992433,81.6,"","OK"
1691,839,16.12999999999738,6.3044665913641245,7.527000000001863,80,"","OK"
1693,840,31.228000000002794,6.612187429404042,-3.7010000000009313,80,"","OK"
1695,841,15.386999999998807,6.4872382150663634,0.9120000000002619,80,"","OK"
1697,842,15.981999999999971,6.332910826624717,4.930000000000291,80,"","OK"
1699,843,16.105999999999767,6.180478899960687,8.824000000000524,81.6,"","OK"
1702,844,31.075000000000728,6.48638646871319,-2.2510000000002037,80,"","OK"
1703,845,15.84599999999773,6.340612314418757,1.9030000000020664,80,"","OK"
1705,846,15.3650000000016,6.234011544767484,6.538000000000466,81.6,"","OK"
1707,847,30.717000000000553,6.514198323219551,-4.179000000000087,80,"","OK"
1710,848,15.411000000000058,6.393873428018326,0.4099999999998545,80,"","OK"
1711,849,15.354999999999563,6.284568838767208,5.055000000000291,80,"","OK"
1713,850,31.01800000000003,6.580408286344259,-5.962999999999738,80,"","OK"
1715,851,15.981999999999971,6.420257768447744,-1.944999999999709,80,"","OK"
1717,852,15.106999999999971,6.324804157919762,2.94800000000032,80,"","OK"
1719,853,15.227999999999156,6.22775389804983,7.720000000001164,81.6,"","OK"
1721,854,30.73199999999997,6.509269279421714,-3.0119999999988067,80,"","OK"
1723,855,15.958999999998923,6.355002449457924,1.02900000000227,80,"","OK"
1725,856,15.670000000001892,6.228439796366685,5.359000000000378,80,"","OK"
1727,857,30.715000000000146,6.5088498090937765,-5.355999999999767,80,"","OK"
1729,858,15.883999999998196,6.359296696025528,-1.2399999999979627,80,"","OK"
1731,859,16.070999999999913,6.207403152523939,2.6890000000021246,80,"","OK"
1733,860,14.70600000000195,6.150315455491071,7.983000000000175,81.6,"","OK"
1736,861,31.488000000001193,6.4839207395229534,-3.5050000000010186,80,"","OK"
1737,862,15.621999999999389,6.352300693302807,0.8729999999995925,80,"","OK"
1739,863,15.072000000000116,6.263281899971374,5.800999999999476,80,"","OK"
1741,864,32.01199999999881,6.6225767812230885,-6.210999999999331,80,"","OK"
1743,865,15.15899999999965,6.511228232396667,-1.3699999999989814,80,"","OK"
1745,866,15.409999999999854,6.391151467871885,3.220000000001164,80,"","OK"
1747,867,15.260000000002037,6.287954501129765,7.959999999999127,81.6,"","OK"
1750,868,31.487999999997555,6.612957344809002,-3.5279999999984284,80,"","OK"
1751,869,15.690000000002328,6.469022510758294,0.7819999999992433,80,"","OK"
1753,870,15.640999999999622,6.3371461038359245,5.140999999999622,81.6,"","OK"
1756,871,30.958999999998923,6.626011972346112,-5.8179999999993015,80,"","OK"
1757,872,14.923999999999069,6.529136224074539,-0.7419999999983702,80,"","OK"
1759,873,15.919000000001688,6.376127710069775,3.338999999999942,80,"","OK"
1761,874,15.989999999997963,6.228244728190541,7.349000000001979,81.6,"","OK"
1763,875,31.291000000001077,6.544666932678699,-3.941999999999098,80,"","OK"
1765,876,15.058000000000902,6.444500249386224,1,80,"","OK"
1767,877,15.961999999999534,6.294093983799614,5.038000000000466,81.6,"","OK"
1769,878,16.093000000000757,6.144900609812091,8.944999999999709,81.6,"","OK"
1771,879,31.269000000000233,6.46515682169885,-2.324000000000524,80,"","OK"
1773,880,15.172999999998865,6.362772020342742,2.503000000000611,81.6,"","OK"
1775,881,15.907999999999447,6.220848769071355,6.595000000001164,81.6,"","OK"
1777,882,31.17399999999907,6.5304207210043375,-4.5789999999979045,80,"","OK"
1779,883,15.203000000001339,6.422081925941483,0.2180000000007567,81.6,"","OK"
1781,884,15.022000000000844,6.3318268055700875,5.195999999999913,81.6,"","OK"
1783,885,16.27100000000064,6.169150130221917,8.924999999999272,81.6,"","OK"
1785,886,29.92699999999968,6.404015747083027,-1.0020000000004075,81.6,"","OK"
1787,887,15.935999999997875,6.257764762890471,3.062000000001717,81.6,"","OK"
1789,888,15.99500000000262,6.116966965209652,7.066999999999098,81.6,"","OK"
1792,889,29.813999999998487,6.348031529883954,-2.746999999999389,80,"","OK"
1794,890,15.229999999999563,6.249404559266234,2.0230000000010477,81.6,"","OK"
1795,891,14.63300000000163,6.194254274311993,7.389999999999418,81.6,"","OK"
1797,892,30.89099999999962,6.48780088216747,-3.5010000000002037,80,"","OK"
1799,893,15.526999999998225,6.361875827032113,0.9720000000015716,80,"","OK"
1801,894,15.68500000000131,6.233946087842525,5.287000000000262,81.6,"","OK"
1804,895,30.952000000001135,6.528824457352438,-5.665000000000873,80,"","OK"
1805,896,15.200999999997293,6.420710428768079,-0.8659999999981665,80,"","OK"
1807,897,15.361000000000786,6.309353526970026,3.7730000000010477,81.6,"","OK"
1809,898,15.264999999999418,6.210956431534435,8.50800000000163,81.6,"","OK"
1811,899,30.674999999999272,6.489959154563487,-2.1669999999976426,80,"","OK"
1813,900,15.442000000002736,6.369211707403098,2.3909999999996217,81.6,"","OK"
1815,901,16.11999999999898,6.213635975690468,6.27100000000064,81.6,"","OK"
1817,902,31.18000000000029,6.524033727209832,-4.908999999999651,80,"","OK"
1819,903,14.96600000000035,6.430906619259196,0.125,80,"","OK"
1821,904,15.847999999998137,6.288474955555613,4.277000000001863,81.6,"","OK"
1823,905,15.441000000002532,6.180382770833229,8.83599999999933,81.6,"","OK"
1825,906,31.070999999999913,6.4860463476561465,-2.235000000000582,80,"","OK"
1827,907,14.810999999997875,6.40498095092777,2.9540000000015425,81.6,"","OK"
1829,908,15.120999999999185,6.309607141494836,7.833000000002357,81.6,"","OK"
1831,909,30.965000000000146,6.600569195151418,-3.131999999997788,80,"","OK"
1833,910,15.674000000002707,6.458408620454285,1.1939999999995052,80,"","OK"
1835,911,15.122999999999593,6.359570581675918,6.070999999999913,81.6,"","OK"
1837,912,31.20499999999811,6.662409920321055,-5.133999999998196,80,"","OK"
1839,913,15.907999999999447,6.501759300301024,-1.0419999999976426,80,"","OK"
1841,914,15.363000000001193,6.385211844032136,3.595000000001164,81.6,"","OK"
1843,915,15.759000000001834,6.251198603780012,7.835999999999331,81.6,"","OK"
1845,916,31.0779999999977,6.552873691043618,-3.24199999999837,80,"","OK"
1847,917,15.838999999999942,6.4033815853533955,0.919000000001688,80,"","OK"
1849,918,15.398000000001048,6.2907952362687425,5.52100000000064,81.6,"","OK"
1851,919,30.997999999999593,6.584995534001921,-5.476999999998952,80,"","OK"
1853,920,15.370999999999185,6.462745813126852,-0.8479999999981374,80,"","OK"
1855,921,15.960000000002765,6.311324199806251,3.191999999999098,81.6,"","OK"
1857,922,16.011999999998807,6.1661164373184345,7.180000000000291,81.6,"","OK"
1860,923,30.419999999998254,6.431984159985923,-3.2399999999979627,80,"","OK"
1861,924,15.791000000001077,6.293047649986736,0.9690000000009604,80,"","OK"
1863,925,15.295999999998457,6.193732171862662,5.673000000002503,81.6,"","OK"
1865,926,31.079000000001543,6.499061411121342,-5.40599999999904,80,"","OK"
1867,927,15.520000000000437,6.37287007292623,-0.9259999999994761,80,"","OK"
1869,928,15.645000000000437,6.246753193368313,3.4290000000000873,80,"","OK"
1871,929,16.007999999997992,6.10583111878292,7.4210000000020955,81.6,"","OK"
1873,930,31.161000000000058,6.421779173858991,-3.7399999999979627,80,"","OK"
1875,931,15.182000000000698,6.32154297549276,1.0780000000013388,80,"","OK"
1877,932,15.221000000001368,6.225134039524377,5.856999999999971,81.6,"","OK"
1879,933,31.26599999999962,6.54018816205408,-5.408999999999651,80,"","OK"
1881,934,15.864999999997963,6.389863901925827,-1.2739999999976135,80,"","OK"
1883,935,16.187000000001717,6.228809908055356,2.5390000000006694,80,"","OK"
1885,936,15.265999999999622,6.13538428880192,7.273000000001048,81.6,"","OK"
1887,937,30.264999999999418,6.393485270751764,-2.99199999999837,80,"","OK"
1889,938,15.782999999999447,6.257454941329813,1.2250000000021828,80,"","OK"
1891,939,15.963999999999942,6.118614007496704,5.261000000002241,81.6,"","OK"
1894,940,30.462000000003172,6.390075632028358,-5.201000000000931,80,"","OK"
1895,941,14.838999999999942,6.313258405026589,-0.040000000000873115,80,"","OK"
1897,942,15.901999999998225,6.174804754712539,4.058000000000902,81.6,"","OK"
1899,943,30.669000000001688,6.45569195754311,-6.611000000000786,80,"","OK"
1901,944,16.13799999999901,6.293586210196728,-2.7489999999997963,80,"","OK"
1903,945,15.184000000001106,6.201237072059364,2.066999999999098,81.6,"","OK"
1905,946,15.417999999997846,6.100034755055788,6.6490000000012515,81.6,"","OK"
1907,947,31.342000000000553,6.4276575828648355,-4.6929999999993015,80,"","OK"
1909,948,15.812000000001717,6.287678983935676,-0.5050000000010186,80,"","OK"
1911,949,15.930999999996857,6.149011547439892,3.5640000000021246,81.6,"","OK"
1913,950,15.720000000001164,6.032198325724826,7.84400000000096,81.6,"","OK"
1915,951,31.919000000001688,6.40012343036713,-4.075000000000728,80,"","OK"
1917,952,14.979999999999563,6.313865715969212,0.944999999999709,81.6,"","OK"
1919,953,15.18999999999869,6.219874108721218,5.755000000001019,81.6,"","OK"
1921,954,31.434000000001106,6.545756976926211,-5.679000000000087,80,"","OK"
1923,955,15.454999999998108,6.420709665868441,-1.1339999999981956,80,"","OK"
1925,956,15.577000000001135,6.295852811751592,3.2890000000006694,81.6,"","OK"
1927,957,15.10399999999936,6.208362011017158,8.18500000000131,81.6,"","OK"
1929,958,30.373999999999796,6.468714385328573,-2.1889999999984866,80,"","OK"
1931,959,15.851999999998952,6.323669736245603,1.9590000000025611,81.6,"","OK"
1933,960,15.5470000000023,6.206752877730109,6.412000000000262,81.6,"","OK"
1935,961,30.747999999999593,6.4905808228719515,-4.335999999999331,80,"","OK"
1937,962,16.04200000000128,6.332294521442375,-0.3780000000006112,81.6,"","OK"
1940,963,15.575999999997293,6.213026113852395,4.0460000000020955,81.6,"","OK"
1941,964,15.176000000003114,6.126211981736426,8.869999999998981,81.6,"","OK"
1944,965,30.778999999998632,6.4170112328778135,-1.9089999999996508,80,"","OK"
1945,966,15.104999999999563,6.3218855308229776,2.986000000000786,81.6,"","OK"
1947,967,15.418000000001484,6.213142685146448,7.5679999999993015,81.6,"","OK"
1950,968,30.73199999999997,6.495571267324793,-3.1640000000006694,80,"","OK"
1952,969,15.854999999999563,6.348660563117021,0.9809999999997672,81.6,"","OK"
1953,970,15.298999999999069,6.2456817779222655,5.6820000000006985,81.6,"","OK"
1955,971,30.705999999998312,6.524451666802018,-5.0239999999976135,80,"","OK"
1958,972,15.983000000000175,6.367735937626881,-1.006999999997788,80,"","OK"
1959,973,15.911000000000058,6.225314941525197,3.0820000000021537,81.6,"","OK"
1961,974,15.99500000000262,6.086545257679709,7.086999999999534,81.6,"","OK"
1963,975,31.43499999999767,6.420823679074582,-4.347999999998137,80,"","OK"
1966,976,15.981999999999971,6.270647199132422,-0.32999999999810825,81.6,"","OK"
1967,977,15.902000000001863,6.134856749186529,3.768000000000029,81.6,"","OK"
1969,978,15.147000000000844,6.054740702362318,8.620999999999185,81.6,"","OK"
1972,979,31.799999999999272,6.413819408464628,-3.1790000000000873,80,"","OK"
1973,980,15.213999999999942,6.312080695435592,1.606999999999971,81.6,"","OK"
1975,981,15.992999999998574,6.168013151970956,5.614000000001397,81.6,"","OK"
1977,982,31.900000000001455,6.526262329972862,-6.286000000000058,80,"","OK"
1979,983,15.902999999998428,6.3744334343496565,-2.1889999999984866,81.6,"","OK"
1981,984,14.950000000000728,6.291656344702758,2.861000000000786,81.6,"","OK"
1983,985,15.17699999999968,6.199865323158855,7.684000000001106,81.6,"","OK"
1985,986,31.63300000000163,6.539436240461528,-3.949000000000524,80,"","OK"
1987,987,16.007999999997992,6.380221475432808,0.043000000001484295,81.6,"","OK"
1989,988,15.475000000002183,6.264270133218122,4.5679999999993015,81.6,"","OK"
1992,989,29.776999999998225,6.483815749891878,-5.208999999998923,80,"","OK"
1993,990,15.215000000000146,6.377639765523627,-0.4239999999990687,81.6,"","OK"
1995,991,14.919000000001688,6.296599780178295,4.656999999999243,81.6,"","OK"
1997,992,30.86199999999735,6.581937293916986,-6.204999999998108,80,"","OK"
1999,993,15.846000000001368,6.430191213047089,-2.050999999999476,81.6,"","OK"
2001,994,15.965000000000146,6.2804917622316365,1.9840000000003783,81.6,"","OK"
2003,995,15.258999999998196,6.184273527092272,6.725000000002183,81.6,"","OK"
2005,996,30.84900000000198,6.475818931649129,-4.123999999999796,80,"","OK"
2007,997,15.84400000000096,6.330830248420998,0.0319999999992433,81.6,"","OK"
2009,998,15.251000000000204,6.231965857894673,4.78099999999904,81.6,"","OK"
2012,999,30.435999999997875,6.494717991776123,-5.654999999998836,80,"","OK"
2013,1000,15.111000000000786,6.394360617290066,-0.7659999999996217,80,"","OK"
2015,1001,15.144000000000233,6.298213078709423,4.0900000000001455,81.6,"","OK"
2017,1002,15.174999999999272,6.206137261290129,8.915000000000873,81.6,"","OK"
2019,1003,30.931000000000495,6.501441182459527,-2.0159999999996217,80,"","OK"
2021,1004,16.07300000000032,6.340538608555787,1.9110000000000582,81.6,"","OK"
2023,1005,15.24199999999837,6.241629945521152,6.669000000001688,81.6,"","OK"
2025,1006,31.741000000001804,6.585340573926192,-5.072000000000116,80,"","OK"
2028,1007,15.917999999997846,6.42888178805594,-0.9899999999979627,80,"","OK"
2029,1008,15.636000000002241,6.299826676302303,3.3739999999997963,81.6,"","OK"
2031,1009,15.994999999998981,6.156400009033473,7.379000000000815,81.6,"","OK"
2034,1010,31.09700000000157,6.465187508468979,-3.7180000000007567,80,"","OK"
2035,1011,16.052999999999884,6.307800789189676,0.22899999999935972,81.6,"","OK"
2037,1012,15.869999999998981,6.171688239865385,4.359000000000378,81.6,"","OK"
2039,1013,15.986000000000786,6.036832724873749,8.372999999999593,81.6,"","OK"
2041,1014,31.974999999998545,6.407968179569049,-3.6019999999989523,80,"","OK"
2043,1015,15.430000000000291,6.293095168345965,0.9680000000007567,81.6,"","OK"
2045,1016,16.06999999999971,6.14540172032436,4.898000000001048,81.6,"","OK"
2047,1017,31.536000000000058,6.482314112804091,-6.6379999999990105,80,"","OK"
2049,1018,15.733000000000175,6.3438569807538245,-2.370999999999185,81.6,"","OK"
2051,1019,15.648000000001048,6.219365919456645,1.9809999999997672,81.6,"","OK"
2053,1020,15.583999999998923,6.106655549490672,6.397000000000844,81.6,"","OK"
2055,1021,30.726999999998952,6.395427077647439,-4.329999999998108,81.6,"","OK"
2057,1022,15.590000000000146,6.271337885294465,0.08000000000174623,81.6,"","OK"
2059,1023,15.11200000000099,6.184879267463499,4.968000000000757,81.6,"","OK"
2062,1024,30.933000000000902,6.4816368132470865,-5.9650000000001455,80,"","OK"
2063,1025,15.599999999998545,6.351534512419234,-1.5649999999986903,81.6,"","OK"
2065,1026,15.061000000001513,6.263251105392937,3.3739999999997963,81.6,"","OK"
2067,1027,15.234000000000378,6.169672911305855,8.139999999999418,81.6,"","OK"
2070,1028,30.78899999999703,6.458380854349054,-2.6489999999976135,80,"","OK"
2071,1029,15.213999999999942,6.353857050952241,2.1370000000024447,81.6,"","OK"
2073,1030,15.882000000001426,6.214115985267637,6.255000000001019,81.6,"","OK"
2075,1031,30.861000000000786,6.5045462361884585,-4.605999999999767,80,"","OK"
2077,1032,15.679000000000087,6.368074596426674,-0.2849999999998545,81.6,"","OK"
2079,1033,15.540000000000873,6.248819934149952,4.174999999999272,81.6,"","OK"
2081,1034,15.823999999996886,6.119268688265775,8.351000000002387,81.6,"","OK"
2083,1035,31.603000000002794,6.4620018952493385,-3.2520000000004075,80,"","OK"
2085,1036,16.20799999999872,6.295126776796335,0.5400000000008731,81.6,"","OK"
2087,1037,15.579000000001543,6.177993853246467,4.960999999999331,81.6,"","OK"
2090,1038,30.70799999999872,6.461119237418483,-5.746999999999389,80,"","OK"
2091,1039,15.224999999998545,6.355736785079919,-0.9719999999979336,81.6,"","OK"
2093,1040,15.891999999999825,6.215253236012435,3.136000000002241,81.6,"","OK"
2095,1041,15.931000000000495,6.081112408761627,7.205000000001746,81.6,"","OK"
2097,1042,31.941999999999098,6.447417883213969,-4.7369999999973516,81.6,"","OK"
2099,1043,15.96600000000035,6.296579265513074,-0.7029999999977008,81.6,"","OK"
2101,1044,15.8650000000016,6.161480561418407,3.4320000000006985,81.6,"","OK"
2103,1045,15.921999999998661,6.031263026329841,7.510000000002037,81.6,"","OK"
2105,1046,30.00800000000163,6.2798090871843275,-2.4979999999995925,81.6,"","OK"
2107,1047,15.260999999998603,6.183508519235394,2.2410000000018044,81.6,"","OK"
2109,1048,15.543000000001484,6.0756017367830895,6.69800000000032,81.6,"","OK"
2111,1049,31.747999999999593,6.430126628234121,-5.049999999999272,81.6,"","OK"
2113,1050,14.711999999999534,6.358743713969518,0.23800000000119326,81.6,"","OK"
2115,1051,16.17199999999866,6.200572231846507,4.066000000002532,80,"","OK"
2117,1052,16.096000000001368,6.057036467356014,7.970000000001164,80,"","OK"
2120,1053,31.559000000001106,6.400909188146333,-3.588999999999942,80,"","OK"
2121,1054,15.850999999998749,6.260164863887265,0.5600000000013097,80,"","OK"
2123,1055,15.384000000001834,6.157404559894196,5.175999999999476,80,"","OK"
2125,1056,16.019000000000233,6.021379274900795,9.156999999999243,81.6,"","OK"
2127,1057,31.12699999999677,6.3404805702192935,-1.9699999999975262,80,"","OK"
2129,1058,15.165000000000873,6.246388034580533,2.8650000000016007,80,"","OK"
2131,1059,15.393000000000029,6.1439262824192475,7.472000000001572,81.6,"","OK"
2134,1060,30.89300000000003,6.440743389768047,-3.4209999999984575,81.6,"","OK"
2136,1061,14.699000000000524,6.369509427907511,1.8800000000010186,81.6,"","OK"
2137,1062,14.93800000000192,6.287790088663171,6.941999999999098,81.6,"","OK"
2140,1063,31.455999999998312,6.6108032081216175,-4.513999999999214,80,"","OK"
2141,1064,15.402999999998428,6.484940507614114,0.08300000000235741,81.6,"","OK"
2143,1065,15.546000000002095,6.358006725888101,4.537000000000262,81.6,"","OK"
2146,1066,31.007999999997992,6.648631305519969,-6.47099999999773,80,"","OK"
2147,1067,14.838999999999942,6.555654348924975,-1.3099999999976717,81.6,"","OK"
2149,1068,15.668000000001484,6.416675952117071,3.022000000000844,81.6,"","OK"
2151,1069,15.28399999999965,6.310383705109776,7.738000000001193,81.6,"","OK"
2153,1070,31.28900000000067,6.621547223540457,-3.550999999999476,80,"","OK"
2155,1071,15.970000000001164,6.459575522069105,0.4789999999993597,81.6,"","OK"
2157,1072,15.930000000000291,6.310227051939768,4.548999999999069,81.6,"","OK"
2159,1073,15.386999999998807,6.204150361193608,9.162000000000262,81.6,"","OK"
2161,1074,31.115999999998166,6.511140963618892,-1.9539999999979045,81.6,"","OK"
2163,1075,14.97700000000259,6.41813215339255,3.0689999999995052,81.6,"","OK"
2165,1076,15.44800000000032,6.301498893805496,7.620999999999185,81.6,"","OK"
2167,1077,31.32999999999811,6.615780212942534,-3.708999999998923,80,"","OK"
2169,1078,15.313999999998487,6.49516894963372,0.9770000000025902,81.6,"","OK"
2171,1079,14.981000000003405,6.402908390281399,5.995999999999185,81.6,"","OK"
2173,1080,31.92199999999866,6.747851615888728,-5.925999999999476,80,"","OK"
2175,1081,15.927999999999884,6.58061088989569,-1.8539999999993597,81.6,"","OK"
2177,1082,16,6.419322709277209,2.1460000000006403,81.6,"","OK"
2179,1083,15.034999999999854,6.328427539947392,7.111000000000786,81.6,"","OK"
2182,1084,31.98700000000099,6.682088318700742,-4.876000000000204,80,"","OK"
2183,1085,15.146999999997206,6.56777029878212,-0.02299999999740976,81.6,"","OK"
2185,1086,15.213000000003376,6.456472155108027,4.763999999999214,81.6,"","OK"
2187,1087,30.78399999999965,6.726942645413753,-6.020000000000437,80,"","OK"
2189,1088,15.747999999999593,6.5722587300754185,-1.768000000000029,81.6,"","OK"
2191,1089,15.239999999997963,6.458992559445832,2.992000000002008,81.6,"","OK"
2193,1090,15.28399999999965,6.3500555244804895,7.708000000002357,81.6,"","OK"
2195,1091,31.21900000000096,6.6543645542005185,-3.510999999998603,80,"","OK"
2197,1092,16.153000000002066,6.478904269562857,0.3359999999993306,81.6,"","OK"
2199,1093,16.063999999998487,6.319972752715273,4.272000000000844,81.6,"","OK"
2201,1094,15.202000000001135,6.224849455670498,9.069999999999709,81.6,"","OK"
2203,1095,30.68000000000029,6.50329636469111,-1.610000000000582,80,"","OK"
2205,1096,14.950999999997293,6.412402841898085,3.4390000000021246,81.6,"","OK"
2207,1097,15.962999999999738,6.263940164279471,7.4760000000023865,81.6,"","OK"
2209,1098,31.022000000000844,6.561318904012056,-3.5459999999984575,80,"","OK"
2211,1099,15.246999999999389,6.448298972511341,1.2070000000021537,81.6,"","OK"
2213,1100,14.877000000000407,6.365467786729357,6.330000000001746,81.6,"","OK"
2215,1101,31.90400000000227,6.711626050058914,-5.574000000000524,80,"","OK"
2217,1102,15.935999999997875,6.546149421930365,-1.5099999999983993,80,"","OK"
2219,1103,15.989000000001397,6.38770258305963,2.5010000000002037,81.6,"","OK"
2221,1104,15.010999999998603,6.30028367161849,7.490000000001601,81.6,"","OK"
2223,1105,30.90400000000227,6.588015942142476,-3.4140000000006694,80,"","OK"
2225,1106,15.840000000000146,6.436264945758563,0.7459999999991851,80,"","OK"
2227,1107,15.934999999997672,6.288060886648798,4.811000000001513,81.6,"","OK"
2230,1108,30.902000000001863,6.5764320812333645,-6.091000000000349,80,"","OK"
2231,1109,15.579999999998108,6.4416550761563975,-1.6709999999984575,80,"","OK"
2233,1110,16.09400000000096,6.283176633896563,2.235000000000582,81.6,"","OK"
2235,1111,14.755000000001019,6.218290594277964,7.479999999999563,81.6,"","OK"
2238,1112,30.81499999999869,6.50558493213551,-3.334999999999127,80,"","OK"
2239,1113,15.287000000000262,6.3935483738770245,1.3780000000006112,81.6,"","OK"
2241,1114,15.653999999998632,6.265576600509796,5.724000000001979,81.6,"","OK"
2243,1115,31.403000000002066,6.586665562978062,-5.679000000000087,80,"","OK"
2245,1116,15.409999999999854,6.461873965291943,-1.0889999999999418,81.6,"","OK"
2247,1117,15.545999999998457,6.336381842461293,3.3650000000016007,81.6,"","OK"
2249,1118,15.309000000001106,6.233545477307393,8.056000000000495,81.6,"","OK"
2252,1119,31.458999999998923,6.560136384975614,-3.4029999999984284,80,"","OK"
2253,1120,15.582000000002154,6.426252860914504,1.014999999999418,81.6,"","OK"
2255,1121,15.93999999999869,6.2783620571074295,5.075000000000728,81.6,"","OK"
2258,1122,30.85099999999875,6.564151928538137,-5.775999999998021,80,"","OK"
2259,1123,15.032999999999447,6.464329933004538,-0.808999999997468,80,"","OK"
2261,1124,15.024000000001251,6.371309312191676,4.167000000001281,81.6,"","OK"
2263,1125,15.135000000002037,6.2771649801795695,9.031999999999243,81.6,"","OK"
2266,1126,32.00699999999779,6.6352796689182085,-2.974999999998545,80,"","OK"
2267,1127,14.8650000000016,6.541512189610721,2.1599999999998545,81.6,"","OK"
2269,1128,15.422999999998865,6.418730177760121,6.7370000000009895,81.6,"","OK"
2271,1129,31.827000000001135,6.7567470416501845,-5.0900000000001455,80,"","OK"
2273,1130,15.81499999999869,6.59601285154713,-0.9049999999988358,81.6,"","OK"
2276,1131,14.998999999999796,6.496324548325447,4.096000000001368,81.6,"","OK"
2277,1132,15.929000000000087,6.344741764055101,8.16700000000128,81.6,"","OK"
2280,1133,31.634000000001834,6.675320403801772,-3.467000000000553,80,"","OK"
2281,1134,15.79399999999805,6.5209878785642825,0.739000000001397,81.6,"","OK"
2283,1135,15.975000000002183,6.364988636153878,4.763999999999214,81.6,"","OK"
2286,1136,31.18000000000029,6.665926846394279,-6.416000000001077,80,"","OK"
2287,1137,15.117999999998574,6.554431418494725,-1.5339999999996508,81.6,"","OK"
2289,1138,16.09899999999834,6.388591954838908,2.367000000002008,81.6,"","OK"
2291,1139,15.498999999999796,6.270617457661489,6.868000000002212,81.6,"","OK"
2293,1140,31.171000000002095,6.576891366557777,-4.302999999999884,80,"","OK"
2295,1141,14.702000000001135,6.496960656147845,0.9949999999989814,81.6,"","OK"
2297,1142,14.817999999999302,6.414775615138648,6.17699999999968,81.6,"","OK"
2299,1143,31.1820000000007,6.712727139192526,-5.005000000001019,80,"","OK"
2301,1144,15.92899999999645,6.547619192993215,-0.933999999997468,80,"","OK"
2303,1145,15.230000000003201,6.4365179934309396,3.8359999999993306,81.6,"","OK"
2306,1146,30.568999999999505,6.694798118841475,-6.733000000000175,80,"","OK"
2307,1147,15.297999999998865,6.570248236413954,-2.0309999999990396,80,"","OK"
2309,1148,14.83299999999872,6.482545221638161,3.136000000002241,81.6,"","OK"
2311,1149,15.28900000000067,6.371823645285734,7.847000000001572,81.6,"","OK"
2314,1150,31.552999999999884,6.695647167455369,-3.705999999998312,80,"","OK"
2316,1151,15.247999999999593,6.574169219489434,1.0460000000020955,81.6,"","OK"
2317,1152,15.121000000002823,6.468221143271168,5.924999999999272,81.6,"","OK"
2320,1153,30.867999999998574,6.743207321816631,-4.9429999999993015,80,"","OK"
2321,1154,15.087999999999738,6.628756864203108,-0.030999999999039574,80,"","OK"
2323,1155,15.177999999999884,6.515834560190421,4.791000000001077,81.6,"","OK"
2325,1156,31.552999999999884,6.830657400178512,-6.761999999998807,80,"","OK"
2327,1157,15.988000000001193,6.654491312667281,-2.75,80,"","OK"
2329,1158,15.31199999999808,6.531585605625696,1.9380000000019209,81.6,"","OK"
2331,1159,15.223000000001775,6.421924005273979,6.7150000000001455,81.6,"","OK"
2333,1160,31.230999999999767,6.722491254944341,-4.515999999999622,80,"","OK"
2335,1161,16.0099999999984,6.5517105515104195,-0.5259999999980209,80,"","OK"
2337,1162,14.942000000002736,6.458353642040847,4.531999999999243,81.6,"","OK"
2339,1163,15.954999999998108,6.307519039413412,8.577000000001135,81.6,"","OK"
2341,1164,30.22899999999936,6.552611599450034,-1.6519999999982247,80,"","OK"
2343,1165,15.879000000000815,6.400635874484356,2.4690000000009604,81.6,"","OK"
2345,1166,15.031999999999243,6.311096132329132,7.437000000001717,81.6,"","OK"
2347,1167,31.546000000002095,6.638277624058692,-4.109000000000378,80,"","OK"
2349,1168,16.02100000000064,6.472072772554984,-0.13000000000101863,80,"","OK"
2351,1169,15.562999999998283,6.344880724270405,4.3070000000006985,81.6,"","OK"
2353,1170,15.312999999998283,6.241263179003612,8.994000000002416,81.6,"","OK"
2356,1171,31.509000000001834,6.570496730316001,-2.514999999999418,80,"","OK"
2357,1172,15.799999999999272,6.422340684671297,1.6850000000013097,81.6,"","OK"
2359,1173,15.294000000001688,6.315069391879235,6.390999999999622,81.6,"","OK"
2361,1174,31.433999999997468,6.635002554886625,-5.042999999997846,80,"","OK"
2363,1175,15.048000000002503,6.529814895206054,-0.09100000000034925,80,"","OK"
2365,1176,15.620999999999185,6.3953889642557264,4.288000000000466,81.6,"","OK"
2367,1177,15.349999999998545,6.286302153989834,8.93800000000192,81.6,"","OK"
2370,1178,31.842000000000553,6.633533269365504,-2.903999999998632,80,"","OK"
2371,1179,15.778000000002066,6.482812440030031,1.3179999999993015,81.6,"","OK"
2373,1180,14.88799999999901,6.397136662528216,6.430000000000291,81.6,"","OK"
2376,1181,32.23099999999977,6.761753121120188,-5.800999999999476,80,"","OK"
2377,1182,15.127000000000407,6.643706051050151,-0.9279999999998836,80,"","OK"
2379,1183,14.961999999999534,6.543349422859546,4.110000000000582,81.6,"","OK"
2381,1184,15.894000000000233,6.391015083930809,8.21600000000035,81.6,"","OK"
2384,1185,31.990999999998166,6.741014141185019,-3.774999999997817,80,"","OK"
2385,1186,15.846000000001368,6.57932575736087,0.3790000000008149,81.6,"","OK"
2387,1187,15.865999999998166,6.426492897525931,4.5130000000026484,81.6,"","OK"
2389,1188,15.628000000000611,6.298087091430522,8.885000000002037,81.6,"","OK"
2392,1189,31.937000000001717,6.650519148216222,-3.05199999999968,80,"","OK"
2393,1190,14.990999999998166,6.5479242014528225,1.9570000000021537,81.6,"","OK"
2395,1191,15.233000000000175,6.436616438862011,6.724000000001979,81.6,"","OK"
2397,1192,31.84700000000157,6.774765411433233,-5.1229999999995925,80,"","OK"
2399,1193,15.858000000000175,6.610217573218645,-0.9809999999997672,81.6,"","OK"
2401,1194,16.050999999999476,6.443891474892512,2.9680000000007567,81.6,"","OK"
2403,1195,15.954000000001543,6.2940232577116335,7.013999999999214,81.6,"","OK"
2405,1196,31.898999999997613,6.6443343041045075,-4.884999999998399,81.6,"","OK"
2408,1197,16.111000000000786,6.472125910097927,-0.9959999999991851,81.6,"","OK"
2409,1198,15.962999999999738,6.319930540716823,3.041000000001077,80,"","OK"
2411,1199,15.15899999999965,6.227497381922043,7.882000000001426,81.6,"","OK"
2414,1200,31.08100000000195,6.530841295552037,-3.199000000000524,81.6,"","OK"
2415,1201,15.308999999997468,6.415851214580193,1.4920000000020082,81.6,"","OK"
2417,1202,15.190000000002328,6.3154855136687855,6.30199999999968,81.6,"","OK"
2420,1203,30.6820000000007,6.58839266906453,-4.380000000001019,81.6,"","OK"
2421,1204,15.615999999998166,6.450618127248111,0.004000000000814907,81.6,"","OK"
2423,1205,15.401000000001659,6.334891994295001,4.602999999999156,80,"","OK"
2426,1206,41.85699999999997,7.305023744651561,-17.254000000000815,80,"","OK"
2427,1207,0.21799999999711872,8.084834760611018,2.5280000000020664,81.6,"","OK"
2429,1208,20.592000000000553,7.6165325880728645,1.9360000000015134,80,"","OK"
2431,1209,15.193999999999505,7.440874301318342,6.742000000002008,81.6,"","OK"
2433,1210,30.18500000000131,7.612382157486027,-3.4429999999993015,81.6,"","OK"
2435,1211,14.886999999998807,7.456170772643225,1.6700000000018917,81.6,"","OK"
2437,1212,15.693999999999505,7.259285099353055,5.9760000000023865,81.6,"","OK"
2440,1213,30.996000000002823,7.492829780643666,-5.020000000000437,80,"","OK"
2441,1214,15.842000000000553,7.284402919353402,-0.8620000000009895,81.6,"","OK"
2443,1215,15.912999999996828,7.084565236894013,3.225000000002183,81.6,"","OK"
2445,1216,15.2400000000016,6.939279909588038,7.985000000000582,81.6,"","OK"
2447,1217,30.47399999999834,7.160199915238682,-2.488999999997759,81.6,"","OK"
2449,1218,15.650000000001455,6.984562420536173,1.8610000000007858,81.6,"","OK"
2451,1219,15.547999999998865,6.826277269252733,6.313000000001921,81.6,"","OK"
2453,1220,31.06300000000192,7.091072439924558,-4.75,80,"","OK"
2455,1221,15.359000000000378,6.937942912429249,-0.10900000000037835,81.6,"","OK"
2457,1222,15.315999999998894,6.79707148040249,4.575000000000728,81.6,"","OK"
2460,1223,30.536000000000058,7.030754512877338,-5.960999999999331,80,"","OK"
2461,1224,15.870999999999185,6.849394855822555,-1.8319999999985157,81.6,"","OK"
2463,1225,15.901000000001659,6.677495177333542,2.2669999999998254,81.6,"","OK"
2465,1226,15.052999999999884,6.569339228750203,7.213999999999942,81.6,"","OK"
2468,1227,30.97099999999773,6.844443026953173,-3.756999999997788,80,"","OK"
2470,1228,15.244000000002416,6.713915337768449,0.9989999999997963,81.6,"","OK"
2471,1229,15.746999999999389,6.560108129157959,5.2520000000004075,81.6,"","OK"
2474,1230,31.272000000000844,6.854601371085639,-6.020000000000437,80,"","OK"
2475,1231,15.205999999998312,6.7258137853928925,-1.2259999999987485,81.6,"","OK"
2477,1232,15.555000000000291,6.583262923805819,3.2190000000009604,81.6,"","OK"
2479,1233,15.447000000000116,6.456371491067948,7.772000000000844,81.6,"","OK"
2481,1234,31.06499999999869,6.744410772876119,-3.2929999999978463,80,"","OK"
2483,1235,15.856999999999971,6.581822599571363,0.8500000000021828,81.6,"","OK"
2485,1236,15.238000000001193,6.468083687098078,5.6120000000009895,81.6,"","OK"
2487,1237,31.238000000001193,6.766203456654523,-5.626000000000204,80,"","OK"
2489,1238,15.562999999998283,6.620628240613723,-1.1889999999984866,80,"","OK"
2491,1239,15.604999999999563,6.481526475575392,3.20600000000195,81.6,"","OK"
2493,1240,15.423000000002503,6.362493570851774,7.782999999999447,81.6,"","OK"
2496,1241,30.4429999999993,6.617525222673494,-2.6599999999998545,80,"","OK"
2497,1242,15.21099999999933,6.503242396256443,2.129000000000815,81.6,"","OK"
2499,1243,15.845000000001164,6.356477246490343,6.283999999999651,81.6,"","OK"
2501,1244,32.41100000000006,6.7348849185847,-6.1270000000004075,80,"","OK"
2503,1245,15.230999999999767,6.612017111173171,-1.3580000000001746,80,"","OK"
2505,1246,15.27100000000064,6.494328541724808,3.370999999999185,81.6,"","OK"
2507,1247,15.565999999998894,6.365558007867076,7.805000000000291,81.6,"","OK"
2509,1248,31.506999999997788,6.686898132375245,-3.701999999997497,80,"","OK"
2511,1249,15.453000000001339,6.5531544991017086,0.8450000000011642,80,"","OK"
2513,1250,15.534999999999854,6.422644842907861,5.31000000000131,81.6,"","OK"
